YEAR,MONTH,DAY,DAY_OF_WEEK,AIRLINE,FLIGHT_NUMBER,TAIL_NUMBER,ORIGIN_AIRPORT,DESTINATION_AIRPORT,SCHEDULED_DEPARTURE,DEPARTURE_TIME,DEPARTURE_DELAY,TAXI_OUT,WHEELS_OFF,SCHEDULED_TIME,ELAPSED_TIME,AIR_TIME,DISTANCE,WHEELS_ON,TAXI_IN,SCHEDULED_ARRIVAL,ARRIVAL_TIME,ARRIVAL_DELAY,DIVERTED,CANCELLED,CANCELLATION_REASON,AIR_SYSTEM_DELAY,SECURITY_DELAY,AIRLINE_DELAY,LATE_AIRCRAFT_DELAY,WEATHER_DELAY
2015,1,1,4,AS,98,N407AS,ANC,SEA,5,2354,-11,21,15,205,194,169,1448,404,4,430,408,-22,0,0,,,,,,
2015,1,1,4,AA,2336,N3KUAA,LAX,PBI,10,2,-8,12,14,280,279,263,2330,737,4,750,741,-9,0,0,,,,,,
2015,1,1,4,US,840,N171US,SFO,CLT,20,18,-2,16,34,286,293,266,2296,800,11,806,811,5,0,0,,,,,,
2015,1,1,4,AA,258,N3HYAA,LAX,MIA,20,15,-5,15,30,285,281,258,2342,748,8,805,756,-9,0,0,,,,,,
2015,1,1,4,AS,135,N527AS,SEA,ANC,25,24,-1,11,35,235,215,199,1448,254,5,320,259,-21,0,0,,,,,,
2015,1,1,4,DL,806,N3730B,SFO,MSP,25,20,-5,18,38,217,230,206,1589,604,6,602,610,8,0,0,,,,,,
2015,1,1,4,NK,612,N635NK,LAS,MSP,25,19,-6,11,30,181,170,154,1299,504,5,526,509,-17,0,0,,,,,,
2015,1,1,4,US,2013,N584UW,LAX,CLT,30,44,14,13,57,273,249,228,2125,745,8,803,753,-10,0,0,,,,,,
2015,1,1,4,AA,1112,N3LAAA,SFO,DFW,30,19,-11,17,36,195,193,173,1464,529,3,545,532,-13,0,0,,,,,,
2015,1,1,4,DL,1173,N826DN,LAS,ATL,30,33,3,12,45,221,203,186,1747,651,5,711,656,-15,0,0,,,,,,
2015,1,1,4,DL,2336,N958DN,DEN,ATL,30,24,-6,12,36,173,149,133,1199,449,4,523,453,-30,0,0,,,,,,
2015,1,1,4,AA,1674,N853AA,LAS,MIA,35,27,-8,21,48,268,266,238,2174,746,7,803,753,-10,0,0,,,,,,
2015,1,1,4,DL,1434,N547US,LAX,MSP,35,35,0,18,53,214,210,188,1535,601,4,609,605,-4,0,0,,,,,,
2015,1,1,4,DL,2324,N3751B,SLC,ATL,40,34,-6,18,52,215,199,176,1590,548,5,615,553,-22,0,0,,,,,,
2015,1,1,4,DL,2440,N651DL,SEA,MSP,40,39,-1,28,107,189,198,166,1399,553,4,549,557,8,0,0,,,,,,
2015,1,1,4,AS,108,N309AS,ANC,SEA,45,41,-4,17,58,204,194,173,1448,451,4,509,455,-14,0,0,,,,,,
2015,1,1,4,DL,1560,N3743H,ANC,SEA,45,31,-14,25,56,210,200,171,1448,447,4,515,451,-24,0,0,,,,,,
2015,1,1,4,UA,1197,N78448,SFO,IAH,48,42,-6,11,53,218,217,199,1635,612,7,626,619,-7,0,0,,,,,,
2015,1,1,4,AS,122,N413AS,ANC,PDX,50,46,-4,11,57,215,201,187,1542,504,3,525,507,-18,0,0,,,,,,
2015,1,1,4,DL,1670,N806DN,PDX,MSP,50,45,-5,9,54,193,186,171,1426,545,6,603,551,-12,0,0,,,,,,
2015,1,1,4,NK,520,N525NK,LAS,MCI,55,120,25,11,131,162,143,128,1139,539,4,537,543,6,0,0,,,,,,
2015,1,1,4,AA,371,N3GXAA,SEA,MIA,100,52,-8,30,122,338,347,311,2724,933,6,938,939,1,0,0,,,,,,
2015,1,1,4,NK,214,N632NK,LAS,DFW,103,102,-1,13,115,147,147,128,1055,523,6,530,529,-1,0,0,,,,,,
2015,1,1,4,AA,115,N3CTAA,LAX,MIA,105,103,-2,14,117,286,276,255,2342,832,7,851,839,-12,0,0,,,,,,
2015,1,1,4,DL,1450,N671DN,LAS,MSP,105,102,-3,11,113,183,163,150,1299,543,2,608,545,-23,0,0,,,,,,
2015,1,1,4,UA,1545,N76517,LAX,IAH,115,112,-3,11,123,183,175,156,1379,559,8,618,607,-11,0,0,,,,,,
2015,1,1,4,AS,130,N457AS,FAI,SEA,115,107,-8,25,132,213,218,186,1533,538,7,548,545,-3,0,0,,,,,,
2015,1,1,4,NK,597,N528NK,MSP,FLL,115,127,12,14,141,207,220,166,1487,527,40,542,607,25,0,0,,25,0,0,0,0
2015,1,1,4,US,413,N571UW,LAS,CLT,120,110,-10,12,122,245,224,205,1916,747,7,825,754,-31,0,0,,,,,,
2015,1,1,4,AA,2392,N3HRAA,DEN,MIA,120,141,21,12,153,227,208,188,1709,701,8,707,709,2,0,0,,,,,,
2015,1,1,4,NK,168,N629NK,PHX,ORD,125,237,72,9,246,204,175,156,1440,622,10,549,632,43,0,0,,43,0,0,0,0
2015,1,1,4,AA,2211,N3CGAA,PHX,MIA,127,116,-11,10,126,239,234,217,1972,703,7,726,710,-16,0,0,,,,,,
2015,1,1,4,AS,136,N431AS,ANC,SEA,135,,,,,205,,,1448,,,600,,,0,1,A,,,,,
2015,1,1,4,DL,95,N320US,SLC,ATL,140,134,-6,43,217,215,231,182,1590,719,6,715,725,10,0,0,,,,,,
2015,1,1,4,NK,298,N514NK,LAS,IAH,144,140,-4,10,150,170,170,148,1222,618,12,634,630,-4,0,0,,,,,,
2015,1,1,4,HA,17,N389HA,LAS,HNL,145,145,0,16,201,370,385,361,2762,602,8,555,610,15,0,0,,0,0,15,0,0
2015,1,1,4,US,617,N804AW,ANC,PHX,152,143,-9,21,204,323,322,298,2552,902,3,915,905,-10,0,0,,,,,,
2015,1,1,4,UA,1528,N76519,SJU,EWR,154,157,3,12,209,255,241,220,1608,449,9,509,458,-11,0,0,,,,,,
2015,1,1,4,AS,134,N464AS,ANC,SEA,155,140,-15,17,157,218,198,170,1448,547,11,633,558,-35,0,0,,,,,,
2015,1,1,4,B6,304,N607JB,SJU,JFK,155,153,-2,12,205,235,248,231,1598,456,5,450,501,11,0,0,,,,,,
2015,1,1,4,NK,451,N633NK,PBG,FLL,155,139,-16,10,149,208,191,174,1334,443,7,523,450,-33,0,0,,,,,,
2015,1,1,4,NK,972,N606NK,PHX,DFW,159,158,-1,11,209,123,125,103,868,452,11,502,503,1,0,0,,,,,,
2015,1,1,4,AA,2459,N3BDAA,PHX,DFW,200,,,,,120,,,868,,,500,,,0,1,B,,,,,
2015,1,1,4,AS,144,N514AS,ANC,PDX,200,150,-10,24,214,210,209,182,1542,616,3,630,619,-11,0,0,,,,,,
2015,1,1,4,NK,647,N630NK,IAG,FLL,200,155,-5,21,216,184,178,149,1176,445,8,504,453,-11,0,0,,,,,,
2015,1,1,4,B6,1990,N597JB,SJU,EWR,206,152,-14,19,211,246,264,239,1608,510,6,512,516,4,0,0,,,,,,
2015,1,1,4,US,699,N172US,PHX,CLT,220,209,-11,10,219,224,199,183,1773,722,6,804,728,-36,0,0,,,,,,
2015,1,1,4,AS,114,N303AS,ANC,SEA,220,209,-11,15,224,200,199,176,1448,620,8,640,628,-12,0,0,,,,,,
2015,1,1,4,B6,668,N653JB,PSE,MCO,255,248,-7,10,258,185,183,169,1179,447,4,500,451,-9,0,0,,,,,,
2015,1,1,4,UA,1162,N37293,BQN,EWR,259,258,-1,14,312,240,247,225,1585,557,8,559,605,6,0,0,,,,,,
2015,1,1,4,B6,1030,N239JB,BQN,MCO,307,304,-3,25,329,173,196,160,1129,509,11,500,520,20,0,0,,20,0,0,0,0
2015,1,1,4,B6,262,N627JB,SJU,BOS,330,316,-14,14,330,245,243,224,1674,614,5,635,619,-16,0,0,,,,,,
2015,1,1,4,B6,2134,N307JB,SJU,MCO,400,535,95,9,544,185,175,163,1189,727,3,605,730,85,0,0,,0,0,85,0,0
2015,1,1,4,B6,730,N621JB,BQN,MCO,419,423,4,11,434,174,163,148,1129,602,4,613,606,-7,0,0,,,,,,
2015,1,1,4,B6,768,N317JB,PSE,MCO,424,413,-11,24,437,186,196,166,1179,623,6,630,629,-1,0,0,,,,,,
2015,1,1,4,B6,2276,N646JB,SJU,BDL,438,550,72,15,605,241,258,237,1666,902,6,739,908,89,0,0,,17,0,72,0,0
2015,1,1,4,US,602,N197UW,ORD,PHX,500,459,-1,12,511,228,232,214,1440,745,6,748,751,3,0,0,,,,,,
2015,1,1,4,AS,695,N607AS,GEG,SEA,500,456,-4,22,518,70,74,39,224,557,13,610,610,0,0,0,,,,,,
2015,1,1,4,HA,102,N492HA,HNL,ITO,500,452,-8,10,502,49,51,35,216,537,6,549,543,-6,0,0,,,,,,
2015,1,1,4,OO,5467,N701BR,ONT,SFO,500,513,13,19,532,89,85,61,363,633,5,629,638,9,0,0,,,,,,
2015,1,1,4,HA,108,N476HA,HNL,KOA,502,501,-1,12,513,42,48,30,163,543,6,544,549,5,0,0,,,,,,
2015,1,1,4,AS,730,N423AS,ANC,SEA,505,457,-8,16,513,205,199,179,1448,912,4,930,916,-14,0,0,,,,,,
2015,1,1,4,HA,206,N484HA,HNL,OGG,505,454,-11,10,504,36,36,20,100,524,6,541,530,-11,0,0,,,,,,
2015,1,1,4,UA,1500,N30401,ORD,IAH,510,514,4,23,537,175,182,147,925,804,12,805,816,11,0,0,,,,,,
2015,1,1,4,AA,1323,N3CXAA,MCO,MIA,510,507,-3,14,521,63,55,38,192,559,3,613,602,-11,0,0,,,,,,
2015,1,1,4,NK,103,N616NK,BOS,MYR,510,506,-4,16,522,140,134,112,738,714,6,730,720,-10,0,0,,,,,,
2015,1,1,4,OO,7404,N8982A,HIB,MSP,510,500,-10,37,537,68,78,35,174,612,6,618,618,0,0,0,,,,,,
2015,1,1,4,OO,7419,N445SW,ABR,MSP,510,508,-2,21,529,69,67,41,257,610,5,619,615,-4,0,0,,,,,,
2015,1,1,4,OO,5254,N746SK,MAF,IAH,510,,,,,87,,,429,,,637,,,0,1,B,,,,,
2015,1,1,4,US,480,N676AW,SEA,PHX,515,510,-5,15,525,165,168,146,1107,851,7,900,858,-2,0,0,,,,,,
2015,1,1,4,AA,1057,N3ASAA,DFW,MIA,515,703,108,15,718,161,155,133,1121,1031,7,856,1038,102,0,0,,0,0,0,0,102
2015,1,1,4,AA,2454,N3ETAA,BOS,MIA,515,510,-5,14,524,208,215,182,1258,826,19,843,845,2,0,0,,,,,,
2015,1,1,4,EV,4354,N12142,MKE,IAH,515,517,2,12,529,178,189,163,984,812,14,813,826,13,0,0,,,,,,
2015,1,1,4,US,425,N174US,PDX,PHX,520,620,60,13,633,150,150,132,1009,945,5,850,950,60,0,0,,0,0,60,0,0
2015,1,1,4,AA,89,N3KVAA,IAH,MIA,520,618,58,19,637,141,137,111,964,928,7,841,935,54,0,0,,0,0,54,0,0
2015,1,1,4,DL,2099,N355NW,BNA,DTW,520,511,-9,30,541,103,106,66,456,747,10,803,757,-6,0,0,,,,,,
2015,1,1,4,EV,4685,N26545,BRO,IAH,520,517,-3,15,532,74,72,49,308,621,8,634,629,-5,0,0,,,,,,
2015,1,1,4,EV,5583,N882AS,VPS,ATL,520,514,-6,9,523,66,57,42,250,705,6,726,711,-15,0,0,,,,,,
2015,1,1,4,OO,5484,N824AS,BOI,SFO,520,525,5,24,549,112,110,79,522,608,7,612,615,3,0,0,,,,,,
2015,1,1,4,OO,7370,N432SW,BJI,MSP,520,517,-3,31,548,60,72,34,199,622,7,620,629,9,0,0,,,,,,
2015,1,1,4,HA,103,N477HA,HNL,LIH,523,513,-10,7,520,37,35,21,102,541,7,600,548,-12,0,0,,,,,,
2015,1,1,4,EV,5187,N720EV,BNA,ATL,525,525,0,32,557,65,70,35,214,732,3,730,735,5,0,0,,,,,,
2015,1,1,4,MQ,2859,N660MQ,SGF,DFW,525,,,,,95,,,364,,,700,,,0,1,B,,,,,
2015,1,1,4,UA,1201,N79521,PHL,IAH,530,532,2,12,544,230,234,210,1325,814,12,820,826,6,0,0,,,,,,
2015,1,1,4,UA,1221,N37281,PDX,DEN,530,534,4,9,543,142,142,125,991,848,8,852,856,4,0,0,,,,,,
2015,1,1,4,UA,1607,N36476,SEA,DEN,530,529,-1,10,539,157,157,138,1024,857,9,907,906,-1,0,0,,,,,,
2015,1,1,4,AA,328,N4XKAA,DEN,DFW,530,623,53,32,655,125,138,96,641,931,10,835,941,66,0,0,,13,0,53,0,0
2015,1,1,4,EV,5764,N832AS,SBN,ORD,530,527,-3,12,539,55,44,22,84,501,10,525,511,-14,0,0,,,,,,
2015,1,1,4,F9,1279,N918FR,PHL,MCO,530,526,-4,12,538,160,146,128,861,746,6,810,752,-18,0,0,,,,,,
2015,1,1,4,NK,409,N509NK,ORD,FLL,530,526,-4,12,538,188,167,149,1182,907,6,938,913,-25,0,0,,,,,,
2015,1,1,4,OO,5460,N583SW,RDD,SFO,530,,,,,90,,,199,,,700,,,0,1,A,,,,,
2015,1,1,4,OO,6391,N593ML,EUG,DEN,530,526,-4,26,552,163,180,143,996,915,11,913,926,13,0,0,,,,,,
2015,1,1,4,UA,1532,N77066,SFO,DEN,531,550,19,15,605,146,153,127,967,912,11,857,923,26,0,0,,7,0,19,0,0
2015,1,1,4,UA,1167,N66837,ORD,DEN,533,540,7,10,550,167,163,142,888,712,11,720,723,3,0,0,,,,,,
2015,1,1,4,UA,1012,N17245,IAD,IAH,535,541,6,12,553,207,215,194,1190,807,9,802,816,14,0,0,,,,,,
2015,1,1,4,B6,2001,N358JB,BUF,JFK,535,530,-5,17,547,88,78,56,301,643,5,703,648,-15,0,0,,,,,,
2015,1,1,4,B6,2807,N190JB,PWM,JFK,535,528,-7,13,541,85,67,50,273,631,4,700,635,-25,0,0,,,,,,
2015,1,1,4,B6,2023,N324JB,JFK,SJU,535,618,43,13,631,225,201,184,1598,1035,4,1020,1039,19,0,0,,0,0,19,0,0
2015,1,1,4,EV,4557,N12967,CRP,IAH,535,523,-12,12,535,61,52,33,201,608,7,636,615,-21,0,0,,,,,,
2015,1,1,4,EV,5241,N849AS,PIA,DTW,535,530,-5,18,548,88,75,54,346,742,3,803,745,-18,0,0,,,,,,
2015,1,1,4,EV,5498,N132EV,ORD,DTW,535,550,15,18,608,85,67,41,235,749,8,800,757,-3,0,0,,,,,,
2015,1,1,4,OO,6512,N925SW,FAT,LAX,535,530,-5,33,603,75,80,42,209,645,5,650,650,0,0,0,,,,,,
2015,1,1,4,UA,1577,N69813,SMF,DEN,538,634,56,26,700,142,164,129,909,1009,9,900,1018,78,0,0,,22,0,56,0,0
2015,1,1,4,OO,4986,N719SK,AUS,LAX,538,535,-3,16,551,212,199,173,1242,644,10,710,654,-16,0,0,,,,,,
2015,1,1,4,B6,727,N292JB,BOS,BWI,540,536,-4,14,550,101,84,66,369,656,4,721,700,-21,0,0,,,,,,
2015,1,1,4,B6,1012,N375JB,ORD,BOS,540,529,-11,16,545,136,114,95,867,820,3,856,823,-33,0,0,,,,,,
2015,1,1,4,DL,824,N3736C,PHX,DTW,540,808,148,19,827,223,203,178,1671,1325,6,1123,1331,128,0,0,,0,0,0,0,128
2015,1,1,4,DL,941,N910DN,MCI,ATL,540,546,6,11,557,122,101,84,692,821,6,842,827,-15,0,0,,,,,,
2015,1,1,4,DL,2079,N389DA,BOS,DTW,540,537,-3,15,552,143,125,105,632,737,5,803,742,-21,0,0,,,,,,
2015,1,1,4,EV,3268,N14998,ATL,IAD,540,556,16,9,605,105,103,79,534,724,15,725,739,14,0,0,,,,,,
2015,1,1,4,EV,4160,N11150,JAX,EWR,540,531,-9,9,540,137,132,109,820,729,14,757,743,-14,0,0,,,,,,
2015,1,1,4,OO,6285,N962SW,MFR,DEN,540,538,-2,42,620,161,188,138,964,938,8,921,946,25,0,0,,25,0,0,0,0
2015,1,1,4,OO,5184,N776SK,SLC,IAH,540,537,-3,18,555,193,180,158,1195,933,4,953,937,-16,0,0,,,,,,
2015,1,1,4,OO,6358,N926SW,IDA,DEN,541,539,-2,30,609,104,113,72,458,721,11,725,732,7,0,0,,,,,,
2015,1,1,4,F9,161,N905FR,MSN,DEN,544,534,-10,7,541,145,144,128,826,649,9,709,658,-11,0,0,,,,,,
2015,1,1,4,OO,4833,N554CA,MKE,DTW,545,543,-2,10,553,74,55,36,237,729,9,759,738,-21,0,0,,,,,,
2015,1,1,4,UA,1119,N69810,GEG,DEN,545,542,-3,21,603,139,136,107,836,850,8,904,858,-6,0,0,,,,,,
2015,1,1,4,UA,1237,N65832,SEA,IAH,545,541,-4,13,554,251,266,238,1874,1152,15,1156,1207,11,0,0,,,,,,
2015,1,1,4,UA,1540,N78509,DCA,IAH,545,550,5,10,600,209,197,182,1208,802,5,814,807,-7,0,0,,,,,,
2015,1,1,4,AA,1433,N4YNAA,SAT,DFW,545,539,-6,12,551,65,59,41,247,632,6,650,638,-12,0,0,,,,,,
2015,1,1,4,AA,2299,N3LLAA,JFK,MIA,545,640,55,17,657,185,199,152,1089,929,30,850,959,69,0,0,,14,0,55,0,0
2015,1,1,4,B6,721,N623JB,BOS,PBI,545,551,6,16,607,205,190,170,1197,857,4,910,901,-9,0,0,,,,,,
2015,1,1,4,B6,917,N606JB,BOS,JFK,545,543,-2,12,555,77,66,44,187,639,10,702,649,-13,0,0,,,,,,
2015,1,1,4,B6,939,N794JB,JFK,BQN,545,545,0,17,602,221,202,180,1576,1002,5,1026,1007,-19,0,0,,,,,,
2015,1,1,4,DL,1890,N377DA,DFW,ATL,545,603,18,13,616,124,104,86,731,842,5,849,847,-2,0,0,,,,,,
2015,1,1,4,EV,4646,N29917,CHS,EWR,545,540,-5,26,606,116,122,91,628,737,5,741,742,1,0,0,,,,,,
2015,1,1,4,F9,365,N218FR,MKE,DEN,545,621,36,9,630,161,142,120,896,730,13,726,743,17,0,0,,0,0,17,0,0
2015,1,1,4,F9,117,N933FR,MSP,DEN,545,538,-7,15,553,129,128,104,680,637,9,654,646,-8,0,0,,,,,,
2015,1,1,4,MQ,2926,N932MQ,CHS,DFW,545,,,,,190,,,987,,,755,,,0,1,B,,,,,
2015,1,1,4,OO,2599,N435SW,DEN,LAX,545,658,73,11,709,150,133,112,862,801,10,715,811,56,0,0,,0,0,56,0,0
2015,1,1,4,OO,5482,N934SW,SBA,DEN,545,542,-3,25,607,154,167,134,916,921,8,919,929,10,0,0,,,,,,
2015,1,1,4,OO,6457,N560SW,SMX,LAX,545,,,,,66,,,134,,,651,,,0,1,A,,,,,
2015,1,1,4,HA,218,N485HA,HNL,KOA,548,540,-8,10,550,42,44,27,163,617,7,630,624,-6,0,0,,,,,,
2015,1,1,4,B6,515,N337JB,BOS,BUF,549,540,-9,17,557,96,99,78,395,715,4,725,719,-6,0,0,,,,,,
2015,1,1,4,UA,228,N439UA,PDX,EWR,550,547,-3,10,557,314,282,263,2434,1320,9,1404,1329,-35,0,0,,,,,,
2015,1,1,4,US,641,N650AW,IND,PHX,550,545,-5,12,557,240,249,234,1488,751,3,750,754,4,0,0,,,,,,
2015,1,1,4,UA,495,N548UA,LAX,DEN,550,550,0,11,601,145,136,118,862,859,7,915,906,-9,0,0,,,,,,
2015,1,1,4,UA,507,N808UA,CLE,IAH,550,629,39,11,640,194,198,170,1091,830,17,804,847,43,0,0,,4,0,39,0,0
2015,1,1,4,UA,1553,N37290,BOS,EWR,550,552,2,12,604,88,67,46,200,650,9,718,659,-19,0,0,,,,,,
2015,1,1,4,US,403,N660AW,DEN,PHX,550,550,0,15,605,119,109,91,602,736,3,749,739,-10,0,0,,,,,,
2015,1,1,4,US,446,N651AW,MCI,PHX,550,544,-6,15,559,178,179,159,1044,738,5,748,743,-5,0,0,,,,,,
2015,1,1,4,AA,1178,N573AA,AUS,DFW,550,548,-2,19,607,60,61,36,190,643,6,650,649,-1,0,0,,,,,,
2015,1,1,4,AA,2410,N3BAAA,LAX,DFW,550,600,10,17,617,180,172,150,1235,1047,5,1050,1052,2,0,0,,,,,,
2015,1,1,4,DL,2453,N966DL,GSP,ATL,550,550,0,26,616,59,59,28,153,644,5,649,649,0,0,0,,,,,,
2015,1,1,4,B6,2228,N231JB,MCO,EWR,550,548,-2,12,600,149,144,127,937,807,5,819,812,-7,0,0,,,,,,
2015,1,1,4,EV,4555,N13133,MCI,IAH,550,548,-2,15,603,135,138,110,643,753,13,805,806,1,0,0,,,,,,
2015,1,1,4,EV,5698,N835AS,BDL,IAD,550,543,-7,9,552,88,76,58,326,650,9,718,659,-19,0,0,,,,,,
2015,1,1,4,MQ,3534,N925MQ,ABI,DFW,550,,,,,55,,,158,,,645,,,0,1,B,,,,,
2015,1,1,4,EV,4339,N14179,RIC,IAH,550,548,-2,14,602,205,220,195,1157,817,11,815,828,13,0,0,,,,,,
2015,1,1,4,OO,6204,N917SW,BFL,DEN,550,556,6,31,627,150,164,125,845,932,8,920,940,20,0,0,,14,0,6,0,0
2015,1,1,4,OO,6261,N107SY,SAT,SFO,550,557,7,9,606,249,223,198,1482,724,16,759,740,-19,0,0,,,,,,
2015,1,1,4,OO,5160,N794SK,OMA,IAH,550,605,15,16,621,140,146,120,781,821,10,810,831,21,0,0,,6,0,15,0,0
2015,1,1,4,OO,6224,N956SW,RDM,DEN,550,549,-1,12,601,143,150,130,898,911,8,913,919,6,0,0,,,,,,
2015,1,1,4,B6,860,N656JB,FLL,BDL,553,551,-2,10,601,166,177,162,1173,843,5,839,848,9,0,0,,,,,,
2015,1,1,4,EV,5230,N181PQ,CID,ATL,554,554,0,27,621,131,114,84,694,845,3,905,848,-17,0,0,,,,,,
2015,1,1,4,WN,526,N742SW,SFO,DEN,555,553,-2,11,604,150,150,132,967,916,7,925,923,-2,0,0,,,,,,
2015,1,1,4,UA,1222,N68452,MCO,LAX,555,557,2,10,607,341,343,310,2218,817,23,836,840,4,0,0,,,,,,
2015,1,1,4,UA,1507,N31412,TPA,EWR,555,549,-6,9,558,156,149,131,997,809,9,831,818,-13,0,0,,,,,,
2015,1,1,4,AA,1094,N3DXAA,SEA,DFW,555,555,0,24,619,235,251,216,1660,1155,11,1150,1206,16,0,0,,16,0,0,0,0
2015,1,1,4,AA,1233,N3HXAA,BOS,DFW,555,551,-4,15,606,275,269,243,1562,909,11,930,920,-10,0,0,,,,,,
2015,1,1,4,B6,115,N284JB,SYR,JFK,555,550,-5,27,617,83,75,43,209,700,5,718,705,-13,0,0,,,,,,
2015,1,1,4,B6,185,N334JB,ROC,JFK,555,550,-5,20,610,85,73,48,264,658,5,720,703,-17,0,0,,,,,,
2015,1,1,4,EV,2519,N905EV,TYR,DFW,555,546,-9,9,555,50,50,25,102,620,16,645,636,-9,0,0,,,,,,
2015,1,1,4,EV,3928,N11140,MCI,ORD,555,554,-1,19,613,94,83,58,403,711,6,729,717,-12,0,0,,,,,,
2015,1,1,4,EV,3941,N16561,LAN,ORD,555,555,0,27,622,69,75,39,179,601,9,604,610,6,0,0,,,,,,
2015,1,1,4,EV,5976,N27200,BUF,EWR,555,928,213,38,1006,80,93,48,282,1054,7,715,1101,226,0,0,,13,0,0,0,213
2015,1,1,4,MQ,3161,N5PBMQ,XNA,DFW,555,,,,,75,,,280,,,710,,,0,1,B,,,,,
2015,1,1,4,EV,5677,N12563,GSO,EWR,556,538,-18,19,557,94,90,65,445,702,6,730,708,-22,0,0,,,,,,
2015,1,1,4,NK,224,N607NK,ORD,LGA,556,547,-9,16,603,124,160,92,733,835,52,900,927,27,0,0,,27,0,0,0,0
2015,1,1,4,UA,1457,N76529,LAX,IAH,557,555,-2,12,607,192,178,160,1379,1047,6,1109,1053,-16,0,0,,,,,,
2015,1,1,4,AA,1205,N3FKAA,EWR,MIA,559,552,-7,22,614,183,177,149,1085,843,6,902,849,-13,0,0,,,,,,
2015,1,1,4,OO,5547,N910SW,ONT,DEN,559,758,119,4,802,141,138,123,819,1105,11,920,1116,116,0,0,,0,0,0,0,116
2015,1,1,4,UA,210,N830UA,MSP,DEN,600,556,-4,14,610,139,120,100,680,650,6,719,656,-23,0,0,,,,,,
2015,1,1,4,UA,214,N454UA,PBI,IAH,600,555,-5,17,612,170,172,146,956,738,9,750,747,-3,0,0,,,,,,
2015,1,1,4,UA,247,N462UA,PHX,IAH,600,751,111,31,822,148,160,118,1009,1120,11,928,1131,123,0,0,,12,0,0,0,111
2015,1,1,4,UA,256,N464UA,RSW,IAH,600,600,0,13,613,156,155,133,861,726,9,736,735,-1,0,0,,,,,,
2015,1,1,4,UA,319,N498UA,EWR,MCO,600,603,3,14,617,173,152,135,937,832,3,853,835,-18,0,0,,,,,,
2015,1,1,4,UA,374,N415UA,OMA,ORD,600,612,12,19,631,97,79,57,416,728,3,737,731,-6,0,0,,,,,,
2015,1,1,4,US,635,N544UW,SMF,PHX,600,551,-9,24,615,110,131,90,647,845,17,850,902,12,0,0,,,,,,
2015,1,1,4,US,646,N654AW,OAK,PHX,600,558,-2,28,626,115,125,88,646,854,9,855,903,8,0,0,,,,,,
2015,1,1,4,US,1941,N708UW,PVD,CLT,600,555,-5,11,606,139,130,114,683,800,5,819,805,-14,0,0,,,,,,
2015,1,1,4,UA,422,N847UA,RNO,DEN,600,557,-3,22,619,130,147,120,804,919,5,910,924,14,0,0,,,,,,
2015,1,1,4,UA,544,N831UA,PIT,IAH,600,622,22,19,641,195,197,175,1117,836,3,815,839,24,0,0,,2,0,22,0,0
2015,1,1,4,UA,1016,N68807,DEN,IAH,600,552,-8,11,603,142,146,114,862,857,21,922,918,-4,0,0,,,,,,
2015,1,1,4,WN,4122,N486WN,BOS,BWI,600,556,-4,17,613,105,83,63,369,716,3,745,719,-26,0,0,,,,,,
2015,1,1,4,WN,4822,N293WN,LAS,BWI,600,602,2,10,612,270,243,230,2106,1302,3,1330,1305,-25,0,0,,,,,,
2015,1,1,4,WN,2215,N249WN,ABQ,HOU,600,607,7,29,636,120,135,103,759,919,3,900,922,22,0,0,,15,0,7,0,0
2015,1,1,4,WN,676,N630WN,PHX,SLC,600,601,1,9,610,95,88,76,507,726,3,735,729,-6,0,0,,,,,,
2015,1,1,4,WN,2787,N910WN,PIT,FLL,600,559,-1,9,608,170,145,132,994,820,4,850,824,-26,0,0,,,,,,
2015,1,1,4,WN,4859,N8641B,PVD,BWI,600,606,6,11,617,100,81,63,327,720,7,740,727,-13,0,0,,,,,,
2015,1,1,4,WN,597,N768SW,SFO,ATL,600,554,-6,9,603,280,270,253,2139,1316,8,1340,1324,-16,0,0,,,,,,
2015,1,1,4,UA,1158,N73445,SFO,ORD,600,557,-3,21,618,257,256,222,1846,1200,13,1217,1213,-4,0,0,,,,,,
2015,1,1,4,UA,1163,N24224,MCO,EWR,600,555,-5,10,605,154,141,126,937,811,5,834,816,-18,0,0,,,,,,
2015,1,1,4,UA,1188,N68822,PDX,IAH,600,613,13,11,624,244,242,224,1825,1208,7,1204,1215,11,0,0,,,,,,
2015,1,1,4,UA,1198,N38451,BOS,ORD,600,557,-3,13,610,173,165,146,867,736,6,753,742,-11,0,0,,,,,,
2015,1,1,4,UA,1224,N87531,SFO,LAX,600,605,5,11,616,88,72,52,337,708,9,728,717,-11,0,0,,,,,,
2015,1,1,4,UA,1296,N37471,SAT,LAX,600,616,16,10,626,207,188,170,1211,716,8,727,724,-3,0,0,,,,,,
2015,1,1,4,UA,1431,N36207,BOS,LAX,600,603,3,13,616,404,396,376,2611,932,7,944,939,-5,0,0,,,,,,
2015,1,1,4,UA,1637,N33294,SEA,EWR,600,606,6,10,616,311,291,268,2402,1344,13,1411,1357,-14,0,0,,,,,,
2015,1,1,4,UA,1735,N66814,LAX,ORD,600,607,7,13,620,250,227,201,1744,1141,13,1210,1154,-16,0,0,,,,,,
2015,1,1,4,US,410,N765US,IAH,PHX,600,553,-7,14,607,170,173,155,1009,742,4,750,746,-4,0,0,,,,,,
2015,1,1,4,US,459,N536UW,MCO,PHX,600,557,-3,13,610,281,294,273,1849,843,8,841,851,10,0,0,,,,,,
2015,1,1,4,US,610,N560UW,SFO,PHX,600,557,-3,16,613,114,120,87,651,840,17,854,857,3,0,0,,,,,,
2015,1,1,4,AA,72,N5EKAA,DFW,MCO,600,606,6,18,624,145,142,120,985,924,4,925,928,3,0,0,,,,,,
2015,1,1,4,AA,196,N3FBAA,MIA,PHL,600,604,4,18,622,164,174,148,1013,850,8,844,858,14,0,0,,,,,,
2015,1,1,4,AA,304,N4XHAA,SLC,DFW,600,601,1,33,634,170,181,137,989,951,11,950,1002,12,0,0,,,,,,
2015,1,1,4,AA,175,N3EWAA,DCA,DFW,600,,,,,215,,,1192,,,835,,,0,1,B,,,,,
2015,1,1,4,AA,281,N3FXAA,MIA,DFW,600,559,-1,14,613,194,194,166,1121,759,14,814,813,-1,0,0,,,,,,
2015,1,1,4,AA,233,N3BEAA,BWI,MIA,600,643,43,21,704,163,151,124,946,908,6,843,914,31,0,0,,0,0,31,0,0
2015,1,1,4,AA,1100,N3GWAA,DFW,LGA,600,554,-6,33,627,190,191,154,1389,1001,4,1010,1005,-5,0,0,,,,,,
2015,1,1,4,AA,1103,N3HCAA,LGA,DFW,600,,,,,245,,,1389,,,905,,,0,1,B,,,,,
2015,1,1,4,AA,1028,N3BFAA,DEN,ORD,600,601,1,14,615,155,127,106,888,901,7,935,908,-27,0,0,,,,,,
2015,1,1,4,AA,1039,N541AA,MCI,DFW,600,606,6,13,619,105,102,80,460,739,9,745,748,3,0,0,,,,,,
2015,1,1,4,AA,1055,N573AA,MCO,DFW,600,,,,,185,,,985,,,805,,,0,1,B,,,,,
2015,1,1,4,AA,1180,N3AYAA,SFO,DFW,600,,,,,210,,,1464,,,1130,,,0,1,B,,,,,
2015,1,1,4,AA,1345,N439AA,TUL,DFW,600,556,-4,12,608,75,68,48,237,656,8,715,704,-11,0,0,,,,,,
2015,1,1,4,AA,1297,N3JYAA,LGA,MIA,600,708,68,17,725,192,174,151,1096,956,6,912,1002,50,0,0,,0,0,50,0,0
2015,1,1,4,AA,1411,N585AA,LIT,DFW,600,555,-5,12,607,80,75,56,304,703,7,720,710,-10,0,0,,,,,,
2015,1,1,4,AA,1084,N3GFAA,MIA,LGA,600,558,-2,13,611,175,168,149,1096,840,6,855,846,-9,0,0,,,,,,
2015,1,1,4,AA,1088,N201AA,LAS,DFW,600,557,-3,16,613,160,170,128,1055,1021,26,1040,1047,7,0,0,,,,,,
2015,1,1,4,AA,1534,N4YPAA,PDX,DFW,600,556,-4,11,607,225,226,206,1616,1133,9,1145,1142,-3,0,0,,,,,,
2015,1,1,4,AA,1573,N467AA,TPA,DFW,600,554,-6,10,604,170,156,139,929,723,7,750,730,-20,0,0,,,,,,
2015,1,1,4,AA,1660,N567AA,SMF,DFW,600,611,11,29,640,210,230,190,1431,1150,11,1130,1201,31,0,0,,20,0,11,0,0
2015,1,1,4,AA,2204,N3GKAA,MSY,MIA,600,555,-5,12,607,109,101,82,675,829,7,849,836,-13,0,0,,,,,,
2015,1,1,4,AA,1515,N3HMAA,LAX,ORD,600,557,-3,13,610,245,222,202,1744,1132,7,1205,1139,-26,0,0,,,,,,
2015,1,1,4,AA,2307,N505AA,OMA,DFW,600,554,-6,30,624,120,131,91,583,755,10,800,805,5,0,0,,,,,,
2015,1,1,4,AA,2363,N560AA,OKC,DFW,600,610,10,42,652,65,85,39,175,731,4,705,735,30,0,0,,20,0,10,0,0
2015,1,1,4,AS,81,N577AS,SEA,ANC,600,557,-3,25,622,234,224,195,1448,837,4,854,841,-13,0,0,,,,,,
2015,1,1,4,AS,162,N792AS,FAI,ANC,600,544,-16,26,610,73,80,44,261,654,10,713,704,-9,0,0,,,,,,
2015,1,1,4,AS,200,N767AS,SEA,SJC,600,550,-10,21,611,123,124,99,697,750,4,803,754,-9,0,0,,,,,,
2015,1,1,4,AS,342,N440AS,SEA,OAK,600,555,-5,11,606,119,108,92,671,738,5,759,743,-16,0,0,,,,,,
2015,1,1,4,AS,406,N589AS,PDX,SJC,600,555,-5,8,603,102,94,82,569,725,4,742,729,-13,0,0,,,,,,
2015,1,1,4,AS,477,N453AS,LAX,SEA,600,555,-5,21,616,170,166,141,954,837,4,850,841,-9,0,0,,,,,,
2015,1,1,4,AS,631,N512AS,PHX,SEA,600,555,-5,10,605,175,168,151,1107,736,7,755,743,-12,0,0,,,,,,
2015,1,1,4,AS,683,N618AS,DEN,SEA,600,549,-11,16,605,190,167,137,1024,722,14,810,736,-34,0,0,,,,,,
2015,1,1,4,AS,699,N532AS,GEG,SEA,600,558,-2,23,621,75,80,42,224,703,15,715,718,3,0,0,,,,,,
2015,1,1,4,B6,130,N510JB,RSW,JFK,600,557,-3,10,607,161,162,141,1074,828,11,841,839,-2,0,0,,,,,,
2015,1,1,4,B6,154,N536JB,PBI,JFK,600,559,-1,11,610,154,164,141,1028,831,12,834,843,9,0,0,,,,,,
2015,1,1,4,B6,353,N570JB,JFK,PBI,600,554,-6,16,610,178,162,142,1028,832,4,858,836,-22,0,0,,,,,,
2015,1,1,4,B6,226,N648JB,TPA,JFK,600,553,-7,10,603,151,153,130,1005,813,13,831,826,-5,0,0,,,,,,
2015,1,1,4,B6,272,N556JB,FLL,LGA,600,559,-1,16,615,161,164,143,1076,838,5,841,843,2,0,0,,,,,,
2015,1,1,4,B6,447,N527JB,OAK,LGB,600,552,-8,15,607,80,78,60,353,707,3,720,710,-10,0,0,,,,,,
2015,1,1,4,B6,371,N708JB,LGA,FLL,600,600,0,22,622,183,177,150,1076,852,5,903,857,-6,0,0,,,,,,
2015,1,1,4,B6,583,N531JB,JFK,MCO,600,557,-3,16,613,171,155,135,944,828,4,851,832,-19,0,0,,,,,,
2015,1,1,4,B6,605,N766JB,EWR,FLL,600,556,-4,12,608,180,163,145,1065,833,6,900,839,-21,0,0,,,,,,
2015,1,1,4,B6,525,N645JB,JFK,TPA,600,554,-6,21,615,181,186,157,1005,852,8,901,900,-1,0,0,,,,,,
2015,1,1,4,B6,746,N587JB,PSE,JFK,600,557,-3,9,606,241,239,225,1617,851,5,901,856,-5,0,0,,,,,,
2015,1,1,4,B6,776,N236JB,MSY,JFK,600,550,-10,11,601,168,160,140,1182,921,9,948,930,-18,0,0,,,,,,
2015,1,1,4,B6,794,N519JB,AUS,JFK,600,559,-1,16,615,203,194,175,1521,1010,3,1023,1013,-10,0,0,,,,,,
2015,1,1,4,B6,838,N715JB,BQN,JFK,600,601,1,11,612,232,246,225,1576,857,10,852,907,15,0,0,,14,0,1,0,0
2015,1,1,4,B6,892,N598JB,TPA,BOS,600,554,-6,12,606,173,167,151,1185,837,4,853,841,-12,0,0,,,,,,
2015,1,1,4,B6,1678,N618JB,JAX,JFK,600,600,0,14,614,128,136,109,828,803,13,808,816,8,0,0,,,,,,
2015,1,1,4,B6,1790,N203JB,DCA,BOS,600,557,-3,19,616,84,88,62,399,718,7,724,725,1,0,0,,,,,,
2015,1,1,4,DL,421,N967DL,JFK,ATL,600,605,5,18,623,163,139,117,760,820,4,843,824,-19,0,0,,,,,,
2015,1,1,4,DL,731,N323NB,LGA,DTW,600,604,4,10,614,118,113,97,502,751,6,758,757,-1,0,0,,,,,,
2015,1,1,4,DL,743,N341NW,RNO,SLC,600,600,0,31,631,100,118,68,422,839,19,840,858,18,0,0,,18,0,0,0,0
2015,1,1,4,DL,750,N995AT,BOS,JFK,600,556,-4,20,616,80,76,44,187,700,12,720,712,-8,0,0,,,,,,
2015,1,1,4,DL,809,N931DN,BOS,MSP,600,600,0,23,623,210,212,186,1124,829,3,830,832,2,0,0,,,,,,
2015,1,1,4,DL,904,N3748Y,LGA,ATL,600,601,1,11,612,159,126,111,762,803,4,839,807,-32,0,0,,,,,,
2015,1,1,4,DL,977,N988DL,ORD,ATL,600,602,2,19,621,127,104,80,606,841,5,907,846,-21,0,0,,,,,,
2015,1,1,4,DL,1088,N682DA,ANC,MSP,600,557,-3,11,608,317,280,266,2519,1334,3,1417,1337,-40,0,0,,,,,,
2015,1,1,4,DL,1098,N966AT,ATW,ATL,600,601,1,9,610,143,110,97,765,847,4,923,851,-32,0,0,,,,,,
2015,1,1,4,DL,1205,N612DL,PHX,ATL,600,804,124,16,820,207,190,169,1587,1309,5,1127,1314,107,0,0,,0,0,0,0,107
2015,1,1,4,DL,1234,N912DE,PNS,ATL,600,554,-6,8,602,69,55,41,271,743,6,809,749,-20,0,0,,,,,,
2015,1,1,4,DL,1235,N358NW,MCO,SLC,600,554,-6,15,609,304,300,280,1931,849,5,904,854,-10,0,0,,,,,,
2015,1,1,4,AA,1462,N547AA,ONT,DFW,600,,,,,180,,,1188,,,1100,,,0,1,B,,,,,
2015,1,1,4,AA,913,N3JVAA,DCA,MIA,600,605,5,12,617,157,151,130,919,827,9,837,836,-1,0,0,,,,,,
2015,1,1,4,DL,1961,N947DN,RIC,ATL,600,554,-6,12,606,113,91,75,481,721,4,753,725,-28,0,0,,,,,,
2015,1,1,4,DL,2154,N813DN,LAX,ATL,600,559,-1,12,611,250,231,213,1947,1244,6,1310,1250,-20,0,0,,,,,,
2015,1,1,4,DL,2282,N974DL,BOS,ATL,600,558,-2,21,619,191,171,144,946,843,6,911,849,-22,0,0,,,,,,
2015,1,1,4,DL,2417,N554NW,LAS,DTW,600,559,-1,19,618,233,212,187,1749,1225,6,1253,1231,-22,0,0,,,,,,
2015,1,1,4,DL,1540,N903DE,OKC,ATL,600,550,-10,41,631,124,131,85,761,856,5,904,901,-3,0,0,,,,,,
2015,1,1,4,DL,1574,N532US,MCO,MSP,600,550,-10,12,602,209,212,196,1310,818,4,829,822,-7,0,0,,,,,,
2015,1,1,4,DL,1700,N952DL,MEM,ATL,600,617,17,10,627,82,59,45,332,812,4,822,816,-6,0,0,,,,,,
2015,1,1,4,DL,1867,N934AT,TUL,ATL,600,555,-5,15,610,118,99,80,674,830,4,858,834,-24,0,0,,,,,,
2015,1,1,4,DL,1937,N905DA,BWI,DTW,600,551,-9,18,609,102,92,69,409,718,5,742,723,-19,0,0,,,,,,
2015,1,1,4,B6,159,N193JB,BOS,PHL,600,554,-6,18,612,99,84,61,280,713,5,739,718,-21,0,0,,,,,,
2015,1,1,4,B6,198,N523JB,MCO,LGA,600,557,-3,15,612,145,150,129,950,821,6,825,827,2,0,0,,,,,,
2015,1,1,4,B6,1502,N535JB,FLL,JFK,600,610,10,13,623,163,170,146,1069,849,11,843,900,17,0,0,,7,0,10,0,0
2015,1,1,4,B6,1504,N640JB,SJU,JFK,600,627,27,17,644,242,274,248,1598,952,9,902,1001,59,0,0,,32,0,27,0,0
2015,1,1,4,B6,1600,N351JB,BOS,DCA,600,552,-8,17,609,107,92,72,399,721,3,747,724,-23,0,0,,,,,,
2015,1,1,4,EV,2533,N906EV,TYS,DFW,600,559,-1,33,632,155,166,128,772,740,5,735,745,10,0,0,,,,,,
2015,1,1,4,EV,4213,N17560,MHT,ORD,600,555,-5,16,611,173,174,153,843,744,5,753,749,-4,0,0,,,,,,
2015,1,1,4,EV,4431,N14158,SAV,EWR,600,726,86,18,744,126,125,98,708,922,9,806,931,85,0,0,,85,0,0,0,0
2015,1,1,4,EV,4411,N14568,MEM,EWR,600,552,-8,17,609,158,146,120,946,909,9,938,918,-20,0,0,,,,,,
2015,1,1,4,EV,4756,N13908,CLT,ORD,600,559,-1,26,625,123,142,109,599,714,7,703,721,18,0,0,,18,0,0,0,0
2015,1,1,4,EV,4768,N16987,TYS,IAD,600,553,-7,22,615,85,90,58,419,713,10,725,723,-2,0,0,,,,,,
2015,1,1,4,EV,4740,N11107,GRB,ORD,600,556,-4,12,608,63,57,34,173,642,11,703,653,-10,0,0,,,,,,
2015,1,1,4,EV,5103,N846AS,ABE,DTW,600,552,-8,12,604,113,101,84,425,728,5,753,733,-20,0,0,,,,,,
2015,1,1,4,EV,5275,N861AS,JAN,ATL,600,559,-1,12,611,79,70,51,341,802,7,819,809,-10,0,0,,,,,,
2015,1,1,4,EV,5491,N838AS,OAJ,ATL,600,552,-8,23,615,92,97,69,399,724,5,732,729,-3,0,0,,,,,,
2015,1,1,4,EV,5978,N21129,FAR,ORD,600,603,3,37,640,123,120,78,557,758,5,803,803,0,0,0,,,,,,
2015,1,1,4,EV,5917,N13997,JAN,ORD,600,556,-4,13,609,134,119,99,677,748,7,814,755,-19,0,0,,,,,,
2015,1,1,4,EV,6133,N12996,ERI,ORD,600,616,16,11,627,92,95,79,398,646,5,632,651,19,0,0,,3,0,16,0,0
2015,1,1,4,EV,6082,N12122,ATW,ORD,600,600,0,15,615,63,63,37,160,652,11,703,703,0,0,0,,,,,,
2015,1,1,4,EV,6122,N16559,LEX,ORD,600,556,-4,11,607,90,83,65,323,612,7,630,619,-11,0,0,,,,,,
2015,1,1,4,EV,6143,N12921,CWA,ORD,600,550,-10,25,615,76,83,47,212,702,11,716,713,-3,0,0,,,,,,
2015,1,1,4,F9,865,,MSO,DEN,600,,,,,120,,,679,,,800,,,0,1,A,,,,,
2015,1,1,4,F9,1256,,ORD,MIA,600,,,,,180,,,1197,,,1000,,,0,1,A,,,,,
2015,1,1,4,F9,1104,N211FR,CLE,FLL,600,556,-4,10,606,175,157,142,1062,828,5,855,833,-22,0,0,,,,,,
2015,1,1,4,F9,1057,N919FR,IAH,SFO,600,552,-8,16,608,260,262,237,1635,805,9,820,814,-6,0,0,,,,,,
2015,1,1,4,F9,144,N924FR,SEA,DEN,600,605,5,10,615,153,148,131,1024,926,7,933,933,0,0,0,,,,,,
2015,1,1,4,F9,1056,N929FR,SFO,IAH,600,552,-8,15,607,225,234,209,1635,1136,10,1145,1146,1,0,0,,,,,,
2015,1,1,4,F9,901,N939FR,TTN,ATL,600,557,-3,10,607,139,131,109,701,756,12,819,808,-11,0,0,,,,,,
2015,1,1,4,F9,902,N949FR,ATL,TTN,600,619,19,11,630,110,115,98,701,808,6,750,814,24,0,0,,5,0,19,0,0
2015,1,1,4,HA,202,N491HA,HNL,ITO,600,553,-7,12,605,50,53,36,216,641,5,650,646,-4,0,0,,,,,,
2015,1,1,4,MQ,2898,N514MQ,MAF,DFW,600,,,,,70,,,309,,,710,,,0,1,B,,,,,
2015,1,1,4,MQ,2957,N504MQ,AMA,DFW,600,,,,,80,,,312,,,720,,,0,1,B,,,,,
2015,1,1,4,MQ,2962,N609MQ,CLL,DFW,600,,,,,60,,,164,,,700,,,0,1,B,,,,,
2015,1,1,4,MQ,3014,N908MQ,HOU,DFW,600,,,,,70,,,247,,,710,,,0,1,B,,,,,
2015,1,1,4,MQ,3015,N825MQ,DFW,BTR,600,,,,,78,,,383,,,718,,,0,1,B,,,,,
2015,1,1,4,MQ,3079,N646MQ,JLN,DFW,600,,,,,80,,,327,,,720,,,0,1,B,,,,,
2015,1,1,4,MQ,3189,N532MQ,CID,DFW,600,,,,,140,,,685,,,820,,,0,1,B,,,,,
2015,1,1,4,MQ,3302,N649MQ,MLI,DFW,600,,,,,145,,,691,,,825,,,0,1,B,,,,,
2015,1,1,4,MQ,3338,N925MQ,GSP,DFW,600,,,,,170,,,862,,,750,,,0,1,B,,,,,
2015,1,1,4,MQ,3350,N830MQ,RDU,JFK,600,555,-5,32,627,95,103,64,427,731,7,735,738,3,0,0,,,,,,
2015,1,1,4,MQ,3355,N618MQ,CVG,MIA,600,556,-4,15,611,153,150,123,948,814,12,833,826,-7,0,0,,,,,,
2015,1,1,4,MQ,3251,N615MQ,MHK,DFW,600,,,,,100,,,431,,,740,,,0,1,B,,,,,
2015,1,1,4,MQ,3377,N631MQ,MOB,DFW,600,,,,,110,,,539,,,750,,,0,1,B,,,,,
2015,1,1,4,MQ,3441,N698MQ,TLH,DFW,600,,,,,150,,,767,,,730,,,0,1,B,,,,,
2015,1,1,4,MQ,3540,N602MQ,PNS,MIA,600,555,-5,18,613,103,96,73,530,826,5,843,831,-12,0,0,,,,,,
2015,1,1,4,MQ,3488,N620MQ,BHM,MIA,600,600,0,19,619,117,112,87,661,846,6,857,852,-5,0,0,,,,,,
2015,1,1,4,MQ,3597,N612MQ,CVG,DFW,600,,,,,165,,,812,,,745,,,0,1,B,,,,,
2015,1,1,4,MQ,3611,N902MQ,CAE,DFW,600,,,,,185,,,922,,,805,,,0,1,B,,,,,
2015,1,1,4,MQ,3678,N625MQ,TXK,DFW,600,,,,,60,,,181,,,700,,,0,1,B,,,,,
2015,1,1,4,NK,188,N505NK,OAK,LAS,600,551,-9,10,601,83,84,68,407,709,6,723,715,-8,0,0,,,,,,
2015,1,1,4,NK,925,N634NK,DFW,OAK,600,600,0,13,613,238,209,188,1457,721,8,758,729,-29,0,0,,,,,,
2015,1,1,4,NK,943,N605NK,ACY,RSW,600,742,102,10,752,171,155,141,982,1013,4,851,1017,86,0,0,,86,0,0,0,0
2015,1,1,4,NK,316,N601NK,DTW,LGA,600,558,-2,11,609,98,158,67,502,716,80,738,836,58,0,0,,58,0,0,0,0
2015,1,1,4,NK,972,N606NK,DFW,FLL,600,603,3,56,659,159,191,131,1119,1010,4,939,1014,35,0,0,,35,0,0,0,0
2015,1,1,4,OO,2622,N492SW,SMF,LAX,600,551,-9,31,622,90,97,61,373,723,5,730,728,-2,0,0,,,,,,
2015,1,1,4,OO,6360,N952SW,RAP,DEN,600,600,0,33,633,82,90,49,300,722,8,722,730,8,0,0,,,,,,
2015,1,1,4,OO,6369,N763SK,TUS,SFO,600,604,4,22,626,134,136,108,751,714,6,714,720,6,0,0,,,,,,
2015,1,1,4,OO,5330,N652BR,EAU,ORD,600,552,-8,9,601,79,58,43,268,644,6,719,650,-29,0,0,,,,,,
2015,1,1,4,OO,5292,N971SW,DLH,ORD,600,556,-4,31,627,96,96,58,397,725,7,736,732,-4,0,0,,,,,,
2015,1,1,4,OO,6276,N715SK,FSD,ORD,600,557,-3,27,624,96,101,67,462,731,7,736,738,2,0,0,,,,,,
2015,1,1,4,OO,6235,N114SY,AUS,SFO,600,556,-4,21,617,249,237,213,1504,750,3,809,753,-16,0,0,,,,,,
2015,1,1,4,OO,3489,N227AG,FAT,SEA,600,557,-3,22,619,130,136,110,748,809,4,810,813,3,0,0,,,,,,
2015,1,1,4,OO,3461,N223AG,ONT,PDX,600,550,-10,15,605,147,138,119,838,804,4,827,808,-19,0,0,,,,,,
2015,1,1,4,OO,7423,N427SW,INL,BRD,600,550,-10,31,621,58,65,30,153,651,4,658,655,-3,0,0,,,,,,
2015,1,1,4,OO,5318,N946SW,CMX,ORD,600,,,,,87,,,359,,,627,,,0,1,B,,,,,
2015,1,1,4,OO,5445,N579SW,SMF,SFO,600,,,,,52,,,86,,,652,,,0,1,A,,,,,
2015,1,1,4,OO,5242,N744SK,BOI,LAX,600,639,39,24,703,130,121,89,674,732,8,710,740,30,0,0,,0,0,30,0,0
2015,1,1,4,OO,5462,N929EV,SPI,ORD,600,604,4,20,624,64,65,39,174,703,6,704,709,5,0,0,,,,,,
2015,1,1,4,OO,5466,N568SW,CLD,LAX,600,654,54,48,742,51,85,24,86,806,13,651,819,88,0,0,,34,0,0,0,54
2015,1,1,4,OO,5550,N594SW,COD,DEN,600,559,-1,27,626,93,93,58,391,724,8,733,732,-1,0,0,,,,,,
2015,1,1,4,OO,5574,N563SW,FAT,SFO,600,600,0,40,640,74,81,37,158,717,4,714,721,7,0,0,,,,,,
2015,1,1,4,MQ,3221,N682MQ,CMH,MIA,600,555,-5,17,612,166,160,137,990,829,6,846,835,-11,0,0,,,,,,
2015,1,1,4,MQ,3224,N631MQ,LRD,DFW,600,,,,,80,,,396,,,720,,,0,1,B,,,,,
2015,1,1,4,OO,5522,N796SK,PSC,DEN,600,601,1,22,623,142,145,115,852,918,8,922,926,4,0,0,,,,,,
2015,1,1,4,OO,5592,N494CA,CPR,DEN,600,604,4,31,635,72,77,39,230,714,7,712,721,9,0,0,,,,,,
2015,1,1,4,OO,5604,N292SW,ACV,SFO,600,550,-10,29,619,83,103,69,250,728,5,723,733,10,0,0,,,,,,
2015,1,1,4,OO,5170,N791SK,DAL,IAH,600,622,22,12,634,68,58,41,216,715,5,708,720,12,0,0,,,,,,
2015,1,1,4,OO,5429,N958SW,PAH,ORD,600,551,-9,8,559,93,79,66,342,705,5,733,710,-23,0,0,,,,,,
2015,1,1,4,OO,5435,N976SW,PSC,SFO,600,556,-4,37,633,127,130,89,620,802,4,807,806,-1,0,0,,,,,,
2015,1,1,4,OO,6378,N767SK,CID,ORD,600,610,10,8,618,68,57,43,196,701,6,708,707,-1,0,0,,,,,,
2015,1,1,4,OO,6401,N740SK,EUG,SFO,600,557,-3,19,616,96,92,69,451,725,4,736,729,-7,0,0,,,,,,
2015,1,1,4,OO,6332,N708SK,DFW,DEN,600,556,-4,27,623,125,138,100,641,703,11,705,714,9,0,0,,,,,,
2015,1,1,4,OO,6346,N291SW,MRY,SFO,600,555,-5,13,608,46,39,21,77,629,5,646,634,-12,0,0,,,,,,
2015,1,1,4,OO,6465,N495CA,SLC,LAX,600,604,4,32,636,132,122,85,590,701,5,712,706,-6,0,0,,,,,,
2015,1,1,4,OO,7392,N438SW,ESC,DTW,600,558,-2,15,613,87,68,47,306,700,6,727,706,-21,0,0,,,,,,
2015,1,1,4,OO,6403,N983SW,MFR,SFO,600,557,-3,26,623,89,86,55,329,718,5,729,723,-6,0,0,,,,,,
2015,1,1,4,OO,6497,N913SW,FAT,DEN,600,559,-1,34,633,145,179,132,844,945,13,925,958,33,0,0,,33,0,0,0,0
2015,1,1,4,UA,576,N817UA,SFO,EWR,601,552,-9,17,609,331,317,292,2565,1401,8,1432,1409,-23,0,0,,,,,,
2015,1,1,4,UA,1410,N76523,LAS,IAH,601,601,0,13,614,175,168,149,1222,1043,6,1056,1049,-7,0,0,,,,,,
2015,1,1,4,UA,1689,N39461,EWR,SFO,601,602,1,11,613,399,378,355,2565,908,12,940,920,-20,0,0,,,,,,
2015,1,1,4,EV,6020,N11121,ISN,DEN,601,559,-2,29,628,129,122,83,576,651,10,710,701,-9,0,0,,,,,,
2015,1,1,4,HA,113,N486HA,HNL,LIH,601,557,-4,10,607,37,39,23,102,630,6,638,636,-2,0,0,,,,,,
2015,1,1,4,OO,5629,N726SK,PSP,SFO,601,632,31,11,643,94,80,65,421,748,4,735,752,17,0,0,,0,0,0,0,17
2015,1,1,4,OO,6420,N924SW,PSP,DEN,601,812,131,8,820,131,144,107,776,1107,29,912,1136,144,0,0,,13,0,0,0,131
2015,1,1,4,UA,223,N816UA,SAT,IAH,602,610,8,14,624,58,50,31,191,655,5,700,700,0,0,0,,,,,,
2015,1,1,4,UA,996,N406UA,LAX,EWR,603,603,0,16,619,319,287,263,2454,1342,8,1422,1350,-32,0,0,,,,,,
2015,1,1,4,UA,1721,N75425,LAX,SFO,603,601,-2,13,614,87,75,54,337,708,8,730,716,-14,0,0,,,,,,
2015,1,1,4,EV,4390,N15986,CLE,IAD,603,558,-5,18,616,82,86,44,288,700,24,725,724,-1,0,0,,,,,,
2015,1,1,4,EV,5732,N833AS,CAE,IAD,603,605,2,21,626,82,87,62,401,728,4,725,732,7,0,0,,,,,,
2015,1,1,4,F9,756,N948FR,PHX,DEN,603,603,0,25,628,107,111,79,602,747,7,750,754,4,0,0,,,,,,
2015,1,1,4,UA,234,N838UA,SMF,IAH,605,613,8,29,642,216,227,193,1609,1155,5,1141,1200,19,0,0,,11,0,8,0,0
2015,1,1,4,UA,415,N509UA,JFK,SFO,605,605,0,20,625,404,400,368,2586,933,12,949,945,-4,0,0,,,,,,
2015,1,1,4,US,647,N664AW,BOS,PHX,605,614,9,14,628,369,373,355,2300,1023,4,1014,1027,13,0,0,,,,,,
2015,1,1,4,US,829,N723UW,BOS,CLT,605,601,-4,25,626,147,148,120,728,826,3,832,829,-3,0,0,,,,,,
2015,1,1,4,US,1743,N839AW,DTW,MIA,605,601,-4,12,613,186,164,147,1145,840,5,911,845,-26,0,0,,,,,,
2015,1,1,4,UA,1023,N73276,FLL,EWR,605,600,-5,13,613,174,169,150,1065,843,6,859,849,-10,0,0,,,,,,
2015,1,1,4,WN,2505,N467WN,GEG,DEN,605,604,-1,14,618,140,132,111,836,909,7,925,916,-9,0,0,,,,,,
2015,1,1,4,WN,239,N653SW,SAT,STL,605,559,-6,9,608,120,104,91,786,739,4,805,743,-22,0,0,,,,,,
2015,1,1,4,WN,474,N614SW,ONT,DEN,605,609,4,13,622,140,136,116,819,918,7,925,925,0,0,0,,,,,,
2015,1,1,4,UA,1245,N39726,CLE,EWR,605,602,-3,10,612,91,73,55,404,707,8,736,715,-21,0,0,,,,,,
2015,1,1,4,US,560,N663AW,DFW,PHX,605,612,7,15,627,157,158,140,868,747,3,742,750,8,0,0,,,,,,
2015,1,1,4,AA,310,N201AA,MFE,DFW,605,,,,,95,,,469,,,740,,,0,1,B,,,,,
2015,1,1,4,AA,375,N4WLAA,STL,DFW,605,557,-8,15,612,120,111,90,550,742,6,805,748,-17,0,0,,,,,,
2015,1,1,4,AA,378,N3BGAA,SJU,MIA,605,557,-8,17,614,165,184,147,1045,741,20,750,801,11,0,0,,,,,,
2015,1,1,4,AA,1291,N4XYAA,MKE,DFW,605,605,0,14,619,175,164,138,853,837,12,900,849,-11,0,0,,,,,,
2015,1,1,4,AS,320,N622AS,SEA,SFO,605,602,-3,21,623,125,125,97,679,800,7,810,807,-3,0,0,,,,,,
2015,1,1,4,AS,602,N407AS,SEA,LAS,605,602,-3,23,625,140,143,115,867,820,5,825,825,0,0,0,,,,,,
2015,1,1,4,B6,233,N247JB,BTV,JFK,605,553,-12,12,605,88,84,50,266,655,22,733,717,-16,0,0,,,,,,
2015,1,1,4,B6,601,N559JB,JFK,FLL,605,603,-2,17,620,188,188,148,1069,848,23,913,911,-2,0,0,,,,,,
2015,1,1,4,B6,735,N821JB,SFO,LGB,605,557,-8,13,610,81,75,59,354,709,3,726,712,-14,0,0,,,,,,
2015,1,1,4,B6,922,N809JB,PBI,BOS,605,621,16,13,634,172,184,163,1197,917,8,857,925,28,0,0,,12,0,16,0,0
2015,1,1,4,B6,1184,N641JB,MCO,JFK,605,600,-5,17,617,146,161,129,944,826,15,831,841,10,0,0,,,,,,
2015,1,1,4,B6,1434,N503JB,SJU,MCO,605,738,93,12,750,188,183,165,1189,935,6,813,941,88,0,0,,0,0,0,88,0
2015,1,1,4,DL,1065,N975DL,BDL,ATL,605,601,-4,14,615,172,150,130,859,825,6,857,831,-26,0,0,,,,,,
2015,1,1,4,DL,1456,N3759,RDU,ATL,605,701,56,11,712,90,73,57,356,809,5,735,814,39,0,0,,0,0,39,0,0
2015,1,1,4,DL,1723,N336NB,SFO,SLC,605,604,-1,15,619,109,108,88,599,847,5,854,852,-2,0,0,,,,,,
2015,1,1,4,EV,4642,N14143,TUS,IAH,605,613,8,29,642,142,153,117,936,939,7,927,946,19,0,0,,11,0,8,0,0
2015,1,1,4,EV,4928,N933EV,PIA,ATL,605,600,-5,9,609,116,97,83,565,832,5,901,837,-24,0,0,,,,,,
2015,1,1,4,F9,609,N223FR,IND,DEN,605,556,-9,9,605,177,167,150,977,635,8,702,643,-19,0,0,,,,,,
2015,1,1,4,F9,821,N920FR,MCI,DEN,605,607,2,13,620,109,113,93,533,653,7,654,700,6,0,0,,,,,,
2015,1,1,4,F9,133,N951FR,DFW,DEN,605,702,57,18,720,122,117,91,641,751,8,707,759,52,0,0,,0,0,52,0,0
2015,1,1,4,MQ,2881,N907MQ,FSM,DFW,605,,,,,70,,,227,,,715,,,0,1,B,,,,,
2015,1,1,4,MQ,2771,N667MQ,AEX,DFW,605,,,,,80,,,285,,,725,,,0,1,B,,,,,
2015,1,1,4,MQ,3288,N838MQ,SPS,DFW,605,,,,,45,,,113,,,650,,,0,1,B,,,,,
2015,1,1,4,MQ,3328,N640MQ,ACT,DFW,605,,,,,45,,,89,,,650,,,0,1,B,,,,,
2015,1,1,4,MQ,3408,N625MQ,SJT,DFW,605,,,,,60,,,229,,,705,,,0,1,B,,,,,
2015,1,1,4,MQ,3643,N923MQ,JAN,DFW,605,,,,,100,,,408,,,745,,,0,1,B,,,,,
2015,1,1,4,HA,286,N480HA,HNL,OGG,605,600,-5,12,612,36,40,22,100,634,6,641,640,-1,0,0,,,,,,
2015,1,1,4,OO,5181,N788SK,OKC,LAX,605,602,-3,40,642,199,211,165,1187,727,6,724,733,9,0,0,,,,,,
2015,1,1,4,OO,6499,N945SW,FAR,DEN,605,610,5,32,642,141,133,87,627,709,14,726,723,-3,0,0,,,,,,
2015,1,1,4,UA,1160,N76522,SFO,IAH,606,601,-5,13,614,233,236,199,1635,1133,24,1159,1157,-2,0,0,,,,,,
2015,1,1,4,UA,1601,N37466,EWR,FLL,606,558,-8,13,611,189,160,143,1065,834,4,915,838,-37,0,0,,,,,,
2015,1,1,4,OO,6461,N959SW,MTJ,DEN,606,559,-7,29,628,69,78,39,196,707,10,715,717,2,0,0,,,,,,
2015,1,1,4,NK,606,N623NK,RSW,DTW,607,601,-6,14,615,166,179,155,1084,850,10,853,900,7,0,0,,,,,,
2015,1,1,4,OO,7389,N561SW,GCC,RKS,607,602,-5,12,614,77,73,57,261,711,4,724,715,-9,0,0,,,,,,
2015,1,1,4,UA,220,N813UA,MSY,EWR,608,606,-2,12,618,172,160,140,1167,938,8,1000,946,-14,0,0,,,,,,
2015,1,1,4,UA,654,N422UA,ORD,MCO,608,603,-5,11,614,163,147,127,1005,921,9,951,930,-21,0,0,,,,,,
2015,1,1,4,EV,6119,N16951,RIC,ORD,608,608,0,12,620,137,141,123,642,723,6,725,729,4,0,0,,,,,,
2015,1,1,4,OO,5456,N920SW,RDM,SFO,608,559,-9,14,613,102,88,68,462,721,6,750,727,-23,0,0,,,,,,
2015,1,1,4,HA,205,N484HA,OGG,HNL,609,601,-8,8,609,32,36,23,100,632,5,641,637,-4,0,0,,,,,,
2015,1,1,4,OO,4494,N431SW,SJC,SLC,609,559,-10,31,630,122,144,106,584,916,7,911,923,12,0,0,,,,,,
2015,1,1,4,OO,5370,N979SW,ORD,MBS,610,607,-3,13,620,66,56,37,222,757,6,816,803,-13,0,0,,,,,,
2015,1,1,4,US,1709,N677AW,EWR,CLT,610,616,6,29,645,121,130,95,529,820,6,811,826,15,0,0,,9,0,6,0,0
2015,1,1,4,WN,828,N8303R,PHX,BWI,610,610,0,12,622,250,226,210,1999,1152,4,1220,1156,-24,0,0,,,,,,
2015,1,1,4,UA,1632,N37464,SEA,IAD,610,605,-5,13,618,294,270,252,2306,1330,5,1404,1335,-29,0,0,,,,,,
2015,1,1,4,UA,1725,N72405,LAS,SFO,610,606,-4,13,619,96,80,62,414,721,5,746,726,-20,0,0,,,,,,
2015,1,1,4,AA,168,N5BSAA,DFW,MIA,610,603,-7,10,613,163,152,129,1121,922,13,953,935,-18,0,0,,,,,,
2015,1,1,4,AA,1315,N424AA,BNA,DFW,610,,,,,135,,,631,,,825,,,0,1,B,,,,,
2015,1,1,4,AA,1336,N3LCAA,PHX,DFW,610,603,-7,18,621,135,136,108,868,909,10,925,919,-6,0,0,,,,,,
2015,1,1,4,AA,1619,N3AMAA,BOS,MIA,610,605,-5,13,618,216,204,179,1258,917,12,946,929,-17,0,0,,,,,,
2015,1,1,4,AA,1686,N4XXAA,LAX,STL,610,609,-1,19,628,215,205,183,1592,1131,3,1145,1134,-11,0,0,,,,,,
2015,1,1,4,AS,345,N469AS,OAK,SEA,610,608,-2,13,621,119,113,95,671,756,5,809,801,-8,0,0,,,,,,
2015,1,1,4,AS,454,N442AS,SEA,LAX,610,611,1,19,630,155,150,122,954,832,9,845,841,-4,0,0,,,,,,
2015,1,1,4,B6,57,N348JB,BOS,IAD,610,603,-7,18,621,111,94,73,413,734,3,801,737,-24,0,0,,,,,,
2015,1,1,4,B6,24,N923JB,LAX,JFK,610,620,10,10,630,314,293,279,2475,1409,4,1424,1413,-11,0,0,,,,,,
2015,1,1,4,B6,1279,N355JB,DCA,FLL,610,603,-7,16,619,155,148,126,899,825,6,845,831,-14,0,0,,,,,,
2015,1,1,4,B6,1836,N281JB,DTW,BOS,610,603,-7,12,615,118,90,74,632,729,4,808,733,-35,0,0,,,,,,
2015,1,1,4,AA,1361,N3KYAA,BNA,LAX,610,607,-3,10,617,285,280,255,1797,832,15,855,847,-8,0,0,,,,,,
2015,1,1,4,DL,327,N692DL,PHL,ATL,610,608,-2,16,624,155,126,103,666,807,7,845,814,-31,0,0,,,,,,
2015,1,1,4,DL,1492,N819DN,PHX,MSP,610,756,106,20,816,186,173,145,1276,1141,8,1016,1149,93,0,0,,0,0,0,0,93
2015,1,1,4,B6,1554,N760JB,SJU,FLL,610,625,15,13,638,163,167,147,1046,805,7,753,812,19,0,0,,4,0,15,0,0
2015,1,1,4,EV,4556,N41104,VPS,IAH,610,607,-3,11,618,119,119,99,528,757,9,809,806,-3,0,0,,,,,,
2015,1,1,4,EV,6071,N14186,GUC,DEN,610,617,7,19,636,59,64,34,152,710,11,709,721,12,0,0,,,,,,
2015,1,1,4,F9,1252,N910FR,MIA,LGA,610,648,38,16,704,175,177,147,1096,931,14,905,945,40,0,0,,26,0,14,0,0
2015,1,1,4,MQ,3323,N613MQ,RIC,MIA,610,609,-1,19,628,161,147,123,825,831,5,851,836,-15,0,0,,,,,,
2015,1,1,4,MQ,3601,N530MQ,DTW,LGA,610,603,-7,12,615,105,87,68,502,723,7,755,730,-25,0,0,,,,,,
2015,1,1,4,MQ,3551,N663MQ,ORF,MIA,610,605,-5,25,630,156,157,128,802,838,4,846,842,-4,0,0,,,,,,
2015,1,1,4,OO,5572,N970SW,MOT,DEN,610,600,-10,20,620,133,114,84,604,644,10,723,654,-29,0,0,,,,,,
2015,1,1,4,AA,1312,N021AA,STL,MIA,611,603,-8,13,616,169,149,127,1068,923,9,1000,932,-28,0,0,,,,,,
2015,1,1,4,B6,269,N834JB,BOS,FLL,611,607,-4,17,624,213,197,174,1237,918,6,944,924,-20,0,0,,,,,,
2015,1,1,4,EV,4506,N12552,MLU,IAH,612,641,29,3,644,73,72,58,262,742,11,725,753,28,0,0,,28,0,0,0,0
2015,1,1,4,OO,5337,N961SW,MAF,DEN,612,,,,,116,,,563,,,708,,,0,1,B,,,,,
2015,1,1,4,NK,562,N510NK,LAX,LAS,613,608,-5,14,622,68,64,44,236,706,6,721,712,-9,0,0,,,,,,
2015,1,1,4,UA,416,N496UA,PDX,ORD,614,612,-2,10,622,235,224,207,1739,1149,7,1209,1156,-13,0,0,,,,,,
2015,1,1,4,B6,1403,N763JB,JFK,SJU,614,612,-2,15,627,223,202,182,1598,1029,5,1057,1034,-23,0,0,,,,,,
2015,1,1,4,HA,107,N476HA,KOA,HNL,614,620,6,11,631,42,47,30,163,701,6,656,707,11,0,0,,,,,,
2015,1,1,4,OO,4681,N783CA,EUG,SLC,614,607,-7,18,625,115,112,90,618,855,4,909,859,-10,0,0,,,,,,
2015,1,1,4,US,1754,N815AW,RNO,PHX,615,605,-10,24,629,107,112,84,601,853,4,902,857,-5,0,0,,,,,,
2015,1,1,4,US,1789,N543UW,PHX,CLT,615,629,14,12,641,228,207,183,1773,1144,12,1203,1156,-7,0,0,,,,,,
2015,1,1,4,WN,1966,N466WN,CMH,ATL,615,831,136,13,844,110,90,65,447,949,12,805,1001,116,0,0,,0,0,116,0,0
2015,1,1,4,WN,2351,N7728D,HOU,ATL,615,612,-3,7,619,110,106,91,696,850,8,905,858,-7,0,0,,,,,,
2015,1,1,4,WN,137,N621SW,HOU,PHX,615,613,-2,9,622,175,173,160,1020,802,4,810,806,-4,0,0,,,,,,
2015,1,1,4,AA,1125,N3KCAA,DTW,DFW,615,,,,,185,,,986,,,820,,,0,1,B,,,,,
2015,1,1,4,AA,1165,N3ACAA,BOS,JFK,615,613,-2,16,629,75,64,44,187,713,4,730,717,-13,0,0,,,,,,
2015,1,1,4,AA,1581,N3KGAA,DFW,DCA,615,,,,,164,,,1192,,,959,,,0,1,B,,,,,
2015,1,1,4,AA,2253,N437AA,MSP,DFW,615,618,3,19,637,165,156,128,852,845,9,900,854,-6,0,0,,,,,,
2015,1,1,4,AS,504,N627AS,SEA,SNA,615,609,-6,22,631,155,156,129,978,840,5,850,845,-5,0,0,,,,,,
2015,1,1,4,B6,99,N274JB,BDL,DCA,615,607,-8,13,620,100,85,67,313,727,5,755,732,-23,0,0,,,,,,
2015,1,1,4,B6,962,N709JB,SJU,BOS,615,731,76,12,743,247,261,244,1674,1047,5,922,1052,90,0,0,,14,0,76,0,0
2015,1,1,4,B6,2006,N566JB,FLL,EWR,615,615,0,20,635,165,173,148,1065,903,5,900,908,8,0,0,,,,,,
2015,1,1,4,DL,828,N910AT,MOB,ATL,615,613,-2,8,621,68,57,43,302,804,6,823,810,-13,0,0,,,,,,
2015,1,1,4,DL,978,N693DL,SAN,SLC,615,611,-4,20,631,121,115,89,626,900,6,916,906,-10,0,0,,,,,,
2015,1,1,4,DL,985,N352NW,LAS,SLC,615,609,-6,13,622,86,79,60,368,822,6,841,828,-13,0,0,,,,,,
2015,1,1,4,DL,1275,N920DN,DCA,DTW,615,609,-6,25,634,100,109,73,405,747,11,755,758,3,0,0,,,,,,
2015,1,1,4,DL,2384,N361NB,SMF,SLC,615,608,-7,36,644,98,121,80,532,904,5,853,909,16,0,0,,16,0,0,0,0
2015,1,1,4,DL,1610,N385DN,DEN,DTW,615,613,-2,15,628,184,142,121,1123,1029,6,1119,1035,-44,0,0,,,,,,
2015,1,1,4,DL,1866,N827DN,SFO,ATL,615,616,1,11,627,270,266,251,2139,1338,4,1345,1342,-3,0,0,,,,,,
2015,1,1,4,DL,1919,N321NB,LGA,MSP,615,611,-4,13,624,189,189,172,1020,816,4,824,820,-4,0,0,,,,,,
2015,1,1,4,EV,2522,N879AS,LAW,DFW,615,1219,364,27,1246,55,67,30,140,1316,10,710,1326,376,0,0,,12,0,364,0,0
2015,1,1,4,EV,2512,N901EV,BRO,DFW,615,604,-11,9,613,95,82,68,482,721,5,750,726,-24,0,0,,,,,,
2015,1,1,4,EV,2572,N876AS,PIB,MEI,615,607,-8,24,631,45,42,15,69,646,3,700,649,-11,0,0,,,,,,
2015,1,1,4,EV,4531,N14204,CHS,IAH,615,623,8,27,650,172,200,163,925,833,10,807,843,36,0,0,,28,0,8,0,0
2015,1,1,4,EV,4655,N13202,MEM,IAH,615,621,6,13,634,110,113,88,468,802,12,805,814,9,0,0,,,,,,
2015,1,1,4,EV,5123,N847AS,MGM,ATL,615,609,-6,13,622,51,45,27,147,749,5,806,754,-12,0,0,,,,,,
2015,1,1,4,F9,582,N221FR,SLC,DEN,615,617,2,33,650,92,104,64,391,754,7,747,801,14,0,0,,,,,,
2015,1,1,4,F9,439,N931FR,OMA,DEN,615,609,-6,19,628,105,99,73,472,641,7,700,648,-12,0,0,,,,,,
2015,1,1,4,MQ,2958,N657MQ,FAR,DFW,615,,,,,180,,,968,,,915,,,0,1,B,,,,,
2015,1,1,4,MQ,3432,N546MQ,DCA,JFK,615,859,164,10,909,63,60,41,213,950,9,718,959,161,0,0,,0,46,115,0,0
2015,1,1,4,MQ,3613,N932MQ,MSN,DFW,615,,,,,160,,,821,,,855,,,0,1,B,,,,,
2015,1,1,4,MQ,3568,N528MQ,CMH,LGA,615,610,-5,11,621,95,80,63,479,724,6,750,730,-20,0,0,,,,,,
2015,1,1,4,OO,5348,N562SW,SBP,LAX,615,613,-2,21,634,71,64,37,156,711,6,726,717,-9,0,0,,,,,,
2015,1,1,4,OO,5256,N789SK,COS,IAH,615,614,-1,32,646,139,153,116,809,942,5,934,947,13,0,0,,,,,,
2015,1,1,4,OO,4747,N810SK,OAK,SLC,615,612,-3,10,622,110,112,95,588,857,7,905,904,-1,0,0,,,,,,
2015,1,1,4,OO,5464,N296SW,LAR,DEN,615,611,-4,30,641,53,68,28,113,709,10,708,719,11,0,0,,,,,,
2015,1,1,4,OO,5608,N930SW,SAN,LAX,615,614,-1,16,630,52,48,25,109,655,7,707,702,-5,0,0,,,,,,
2015,1,1,4,OO,5636,N237SW,BFL,SFO,615,608,-7,30,638,95,92,59,238,737,3,750,740,-10,0,0,,,,,,
2015,1,1,4,OO,6571,N886AS,DRO,PHX,615,631,16,61,732,84,124,57,351,829,6,739,835,56,0,0,,40,0,0,0,16
2015,1,1,4,OO,6573,N468CA,MRY,PHX,615,610,-5,8,618,106,96,79,598,837,9,901,846,-15,0,0,,,,,,
2015,1,1,4,OO,6616,N897SK,FAT,PHX,615,614,-1,28,642,100,111,78,493,900,5,855,905,10,0,0,,,,,,
2015,1,1,4,NK,612,N635NK,MSP,ORD,616,618,2,10,628,89,68,49,334,717,9,745,726,-19,0,0,,,,,,
2015,1,1,4,NK,940,N508NK,DFW,ORD,616,619,3,12,631,139,119,96,802,807,11,835,818,-17,0,0,,,,,,
2015,1,1,4,OO,6368,N874AS,BIS,DEN,617,613,-4,18,631,120,115,77,516,648,20,717,708,-9,0,0,,,,,,
2015,1,1,4,HA,101,N492HA,ITO,HNL,618,617,-1,7,624,49,51,39,216,703,5,707,708,1,0,0,,,,,,
2015,1,1,4,B6,762,N775JB,PBI,LGA,619,631,12,11,642,158,157,141,1035,903,5,857,908,11,0,0,,,,,,
2015,1,1,4,OO,5249,N118SY,SAT,ORD,619,648,29,8,656,172,140,121,1041,857,11,911,908,-3,0,0,,,,,,
2015,1,1,4,UA,207,N446UA,FLL,IAH,620,614,-6,17,631,171,172,150,965,801,5,811,806,-5,0,0,,,,,,
2015,1,1,4,US,1931,N833AW,BUF,CLT,620,625,5,21,646,119,118,89,546,815,8,819,823,4,0,0,,,,,,
2015,1,1,4,UA,732,N824UA,SEA,ORD,620,613,-7,13,626,236,215,195,1721,1141,7,1216,1148,-28,0,0,,,,,,
2015,1,1,4,WN,698,N422WN,CMH,FLL,620,623,3,20,643,170,158,135,973,858,3,910,901,-9,0,0,,,,,,
2015,1,1,4,WN,799,N7736A,LAS,HOU,620,618,-2,11,629,170,170,155,1235,1104,4,1110,1108,-2,0,0,,,,,,
2015,1,1,4,WN,687,N789SW,PVD,MCO,620,631,11,7,638,190,175,161,1072,919,7,930,926,-4,0,0,,,,,,
2015,1,1,4,WN,823,N7707C,SAN,BWI,620,620,0,18,638,295,272,248,2295,1346,6,1415,1352,-23,0,0,,,,,,
2015,1,1,4,WN,603,N461WN,SAN,MDW,620,617,-3,17,634,250,224,200,1728,1154,7,1230,1201,-29,0,0,,,,,,
2015,1,1,4,WN,885,N276WN,SMF,PHX,620,615,-5,19,634,120,115,89,647,903,7,920,910,-10,0,0,,,,,,
2015,1,1,4,UA,1192,N69804,SAN,DEN,620,618,-2,18,636,145,138,110,853,926,10,945,936,-9,0,0,,,,,,
2015,1,1,4,UA,1568,N24212,SAN,EWR,620,615,-5,18,633,320,283,253,2425,1346,12,1440,1358,-42,0,0,,,,,,
2015,1,1,4,US,460,N640AW,SJC,PHX,620,614,-6,20,634,113,110,85,621,859,5,913,904,-9,0,0,,,,,,
2015,1,1,4,AA,269,N557AA,SJC,DFW,620,,,,,215,,,1438,,,1155,,,0,1,B,,,,,
2015,1,1,4,AA,1186,N5CPAA,DFW,BOS,620,614,-6,36,650,205,206,165,1562,1035,5,1045,1040,-5,0,0,,,,,,
2015,1,1,4,AA,1390,N496AA,SAN,DFW,620,612,-8,27,639,185,169,138,1171,1057,4,1125,1101,-24,0,0,,,,,,
2015,1,1,4,AA,2420,N3ERAA,LAX,DFW,620,619,-1,15,634,180,180,149,1235,1103,16,1120,1119,-1,0,0,,,,,,
2015,1,1,4,AS,545,N519AS,ONT,SEA,620,613,-7,12,625,160,157,135,956,840,10,900,850,-10,0,0,,,,,,
2015,1,1,4,AA,955,N3AAAA,RDU,MIA,620,612,-8,48,700,130,148,96,700,836,4,830,840,10,0,0,,,,,,
2015,1,1,4,DL,2129,N911DA,ROC,ATL,620,623,3,25,648,151,138,108,749,836,5,851,841,-10,0,0,,,,,,
2015,1,1,4,DL,1518,N591NW,MCO,ATL,620,613,-7,22,635,91,89,61,404,736,6,751,742,-9,0,0,,,,,,
2015,1,1,4,DL,1588,N327NB,DCA,MSP,620,619,-1,13,632,165,172,155,931,807,4,805,811,6,0,0,,,,,,
2015,1,1,4,EV,4468,N14125,CAE,IAH,620,621,1,25,646,161,184,154,878,820,5,801,825,24,0,0,,23,0,1,0,0
2015,1,1,4,EV,5534,N695CA,BTR,ATL,620,620,0,10,630,88,74,59,448,829,5,848,834,-14,0,0,,,,,,
2015,1,1,4,F9,1338,N906FR,IAD,MSP,620,609,-11,12,621,165,161,142,908,743,7,805,750,-15,0,0,,,,,,
2015,1,1,4,MQ,3205,N680MQ,SAV,DFW,620,,,,,185,,,925,,,825,,,0,1,B,,,,,
2015,1,1,4,MQ,3173,N614MQ,GRI,DFW,620,,,,,120,,,561,,,820,,,0,1,B,,,,,
2015,1,1,4,NK,470,N534NK,PDX,SAN,620,616,-4,12,628,140,132,115,933,823,5,840,828,-12,0,0,,,,,,
2015,1,1,4,NK,742,N632NK,DFW,MSP,620,625,5,15,640,139,129,111,852,831,3,839,834,-5,0,0,,,,,,
2015,1,1,4,OO,4762,N935SW,PSP,SLC,620,630,10,16,646,106,105,84,541,910,5,906,915,9,0,0,,,,,,
2015,1,1,4,OO,4716,N8903A,ISN,MSP,620,617,-3,33,650,117,113,74,546,804,6,817,810,-7,0,0,,,,,,
2015,1,1,4,OO,5616,N961SW,HLN,DEN,620,620,0,28,648,118,121,79,594,807,14,818,821,3,0,0,,,,,,
2015,1,1,4,UA,1026,N39423,MCO,IAH,621,637,16,13,650,153,157,137,854,807,7,754,814,20,0,0,,4,0,16,0,0
2015,1,1,4,B6,1481,N318JB,BOS,RIC,621,616,-5,14,630,113,107,88,474,758,5,814,803,-11,0,0,,,,,,
2015,1,1,4,F9,344,N932FR,BZN,DEN,622,613,-9,10,623,93,90,70,524,733,10,755,743,-12,0,0,,,,,,
2015,1,1,4,OO,4624,N822SK,FAT,SLC,622,620,-2,35,655,108,122,83,501,918,4,910,922,12,0,0,,,,,,
2015,1,1,4,OO,6372,N742SK,FSD,DEN,622,626,4,21,647,110,104,73,483,700,10,712,710,-2,0,0,,,,,,
2015,1,1,4,NK,200,N530NK,IAH,ORD,623,620,-3,15,635,152,140,115,925,830,10,855,840,-15,0,0,,,,,,
2015,1,1,4,UA,206,N487UA,EWR,IAH,624,623,-1,11,634,239,237,222,1400,916,4,923,920,-3,0,0,,,,,,
2015,1,1,4,DL,1515,N902DE,PIT,DTW,624,621,-3,9,630,86,58,41,201,711,8,750,719,-31,0,0,,,,,,
2015,1,1,4,US,1982,N152UW,FLL,CLT,625,616,-9,11,627,117,116,95,631,802,10,822,812,-10,0,0,,,,,,
2015,1,1,4,UA,525,N471UA,MIA,EWR,625,624,-1,17,641,181,185,150,1085,911,18,926,929,3,0,0,,,,,,
2015,1,1,4,WN,871,N7814B,DEN,ATL,625,625,0,10,635,175,156,137,1199,1052,9,1120,1101,-19,0,0,,,,,,
2015,1,1,4,WN,343,N8649A,MDW,PHX,625,625,0,22,647,240,251,224,1444,931,5,925,936,11,0,0,,,,,,
2015,1,1,4,US,598,N561UW,LAX,PHL,625,624,-1,16,640,299,283,258,2402,1358,9,1424,1407,-17,0,0,,,,,,
2015,1,1,4,AA,127,N3GHAA,IAD,DFW,625,622,-3,14,636,210,230,200,1172,856,16,855,912,17,0,0,,17,0,0,0,0
2015,1,1,4,AA,387,N4XXAA,LAX,AUS,625,,,,,175,,,1242,,,1120,,,0,1,A,,,,,
2015,1,1,4,AA,1079,N3KKAA,CLT,DFW,625,620,-5,27,647,175,187,149,936,816,11,820,827,7,0,0,,,,,,
2015,1,1,4,AA,1207,N3DPAA,PHL,DFW,625,909,164,21,930,235,238,206,1303,1156,11,920,1207,167,0,0,,3,0,164,0,0
2015,1,1,4,AA,1343,N3GLAA,DFW,CLT,625,618,-7,18,636,140,129,107,936,923,4,945,927,-18,0,0,,,,,,
2015,1,1,4,AA,1635,N025AA,ATL,DFW,625,,,,,150,,,731,,,755,,,0,1,B,,,,,
2015,1,1,4,AA,2379,N3KPAA,RDU,DFW,625,618,-7,27,645,195,207,166,1061,831,14,840,845,5,0,0,,,,,,
2015,1,1,4,AA,2272,N514AA,SAT,DFW,625,619,-6,9,628,70,54,40,247,708,5,735,713,-22,0,0,,,,,,
2015,1,1,4,AS,124,N593AS,FAI,SEA,625,614,-11,29,643,205,220,188,1533,1051,3,1050,1054,4,0,0,,,,,,
2015,1,1,4,B6,70,N228JB,FLL,BOS,625,624,-1,13,637,180,186,169,1237,926,4,925,930,5,0,0,,,,,,
2015,1,1,4,B6,966,N580JB,RSW,BOS,625,628,3,9,637,178,178,163,1249,920,6,923,926,3,0,0,,,,,,
2015,1,1,4,DL,891,N924DN,MIA,ATL,625,621,-4,16,637,120,105,84,594,801,5,825,806,-19,0,0,,,,,,
2015,1,1,4,DL,2234,N970DL,BWI,MSP,625,709,44,10,719,171,163,149,936,848,4,816,852,36,0,0,,0,0,36,0,0
2015,1,1,4,DL,2480,N979AT,MDT,ATL,625,619,-6,15,634,146,117,97,620,811,5,851,816,-35,0,0,,,,,,
2015,1,1,4,B6,2180,N368JB,EWR,BOS,625,619,-6,16,635,68,63,40,200,715,7,733,722,-11,0,0,,,,,,
2015,1,1,4,EV,5221,N921EV,SCE,DTW,625,610,-15,10,620,87,77,60,301,720,7,752,727,-25,0,0,,,,,,
2015,1,1,4,F9,308,N935FR,GEG,DEN,625,618,-7,18,636,132,133,108,836,924,7,937,931,-6,0,0,,,,,,
2015,1,1,4,MQ,3609,N836MQ,LEX,DFW,625,,,,,160,,,785,,,805,,,0,1,B,,,,,
2015,1,1,4,MQ,3634,N606MQ,VPS,DFW,625,,,,,135,,,641,,,840,,,0,1,B,,,,,
2015,1,1,4,NK,969,N516NK,BWI,ORD,625,619,-6,12,631,129,139,116,622,727,11,734,738,4,0,0,,,,,,
2015,1,1,4,OO,6557,N889AS,SBA,PHX,625,622,-3,25,647,90,105,68,455,855,12,855,907,12,0,0,,,,,,
2015,1,1,4,OO,6564,N896SK,SBP,PHX,625,617,-8,19,636,101,98,73,509,849,6,906,855,-11,0,0,,,,,,
2015,1,1,4,EV,4418,N14153,PNS,IAH,626,620,-6,10,630,106,108,89,489,759,9,812,808,-4,0,0,,,,,,
2015,1,1,4,OO,6230,N727SK,COS,DEN,626,620,-6,19,639,53,50,22,73,701,9,719,710,-9,0,0,,,,,,
2015,1,1,4,EV,3272,N23139,CLE,ORD,627,623,-4,15,638,87,81,60,315,638,6,654,644,-10,0,0,,,,,,
2015,1,1,4,HA,104,N477HA,LIH,HNL,628,621,-7,6,627,32,30,18,102,645,6,700,651,-9,0,0,,,,,,
2015,1,1,4,OO,7396,N675BR,TWF,SLC,628,627,-1,21,648,52,54,30,175,718,3,720,721,1,0,0,,,,,,
2015,1,1,4,DL,1592,N723TW,SAN,ATL,629,628,-1,16,644,241,223,202,1892,1306,5,1330,1311,-19,0,0,,,,,,
2015,1,1,4,UA,195,N69818,BDL,ORD,630,641,11,12,653,159,153,137,783,810,4,809,814,5,0,0,,,,,,
2015,1,1,4,US,649,N912UY,LAX,PHX,630,625,-5,17,642,79,88,53,370,835,18,849,853,4,0,0,,,,,,
2015,1,1,4,US,674,N831AW,EWR,PHX,630,630,0,21,651,341,363,339,2133,1030,3,1011,1033,22,0,0,,22,0,0,0,0
2015,1,1,4,US,835,N293AY,PHL,CLT,630,630,0,13,643,104,102,81,449,804,8,814,812,-2,0,0,,,,,,
2015,1,1,4,UA,572,N404UA,AUS,IAH,630,658,28,18,716,61,53,30,140,746,5,731,751,20,0,0,,0,0,20,0,0
2015,1,1,4,UA,577,N458UA,SFO,EWR,630,746,76,15,801,329,308,286,2565,1547,7,1459,1554,55,0,0,,0,0,55,0,0
2015,1,1,4,OO,5628,N507CA,RNO,SFO,630,619,-11,33,652,73,78,41,192,733,4,743,737,-6,0,0,,,,,,
2015,1,1,4,WN,4570,N8611F,SEA,MDW,630,634,4,10,644,240,227,212,1733,1216,5,1230,1221,-9,0,0,,,,,,
2015,1,1,4,WN,660,N275WN,SJU,TPA,630,629,-1,16,645,190,194,173,1237,838,5,840,843,3,0,0,,,,,,
2015,1,1,4,UA,1231,N17229,HNL,LAX,630,632,2,17,649,338,321,289,2556,1338,15,1408,1353,-15,0,0,,,,,,
2015,1,1,4,US,401,N732US,CLT,PHL,630,623,-7,27,650,93,99,68,449,758,4,803,802,-1,0,0,,,,,,
2015,1,1,4,US,433,N601AW,JFK,PHX,630,628,-2,17,645,348,355,334,2153,1019,4,1018,1023,5,0,0,,,,,,
2015,1,1,4,US,567,N524UW,SAN,PHX,630,623,-7,17,640,83,97,48,304,828,32,853,900,7,0,0,,,,,,
2015,1,1,4,US,595,N519UW,ONT,PHX,630,914,164,14,928,74,66,48,325,1116,4,844,1120,156,0,0,,0,0,0,0,156
2015,1,1,4,AA,148,N3EJAA,MIA,CLT,630,624,-6,15,639,125,120,96,650,815,9,835,824,-11,0,0,,,,,,
2015,1,1,4,AA,330,N3EWAA,PBI,ORD,630,626,-4,12,638,190,202,171,1144,829,19,840,848,8,0,0,,,,,,
2015,1,1,4,AA,1381,N492AA,EWR,DFW,630,627,-3,17,644,245,258,232,1372,936,9,935,945,10,0,0,,,,,,
2015,1,1,4,AS,157,N762AS,ANC,OTZ,630,622,-8,17,639,102,100,78,548,757,5,812,802,-10,0,0,,,,,,
2015,1,1,4,AS,499,N551AS,SAN,SEA,630,627,-3,16,643,180,174,145,1050,908,13,930,921,-9,0,0,,,,,,
2015,1,1,4,AS,573,N467AS,SAN,PDX,630,624,-6,17,641,160,158,136,933,857,5,910,902,-8,0,0,,,,,,
2015,1,1,4,B6,23,N937JB,JFK,LAX,630,627,-3,16,643,377,384,358,2475,941,10,947,951,4,0,0,,,,,,
2015,1,1,4,B6,1099,N508JB,LGA,MCO,630,629,-1,13,642,181,152,136,950,858,3,931,901,-30,0,0,,,,,,
2015,1,1,4,B6,929,N526JB,JFK,RSW,630,628,-2,14,642,195,180,162,1074,924,4,945,928,-17,0,0,,,,,,
2015,1,1,4,B6,1285,N184JB,BOS,PIT,630,649,19,10,659,118,101,87,496,826,4,828,830,2,0,0,,,,,,
2015,1,1,4,DL,418,N706TW,SFO,JFK,630,628,-2,15,643,325,307,284,2586,1427,8,1455,1435,-20,0,0,,,,,,
2015,1,1,4,DL,783,N962DN,MSP,ATL,630,626,-4,26,652,158,146,112,907,944,8,1008,952,-16,0,0,,,,,,
2015,1,1,4,DL,1984,N946DN,AUS,ATL,630,625,-5,13,638,127,110,93,813,911,4,937,915,-22,0,0,,,,,,
2015,1,1,4,DL,2114,N397DA,COS,ATL,630,632,2,30,702,175,166,131,1184,1113,5,1125,1118,-7,0,0,,,,,,
2015,1,1,4,DL,2283,N695DL,DTW,ATL,630,628,-2,12,640,135,106,88,594,808,6,845,814,-31,0,0,,,,,,
2015,1,1,4,DL,2370,N339NB,MSY,LGA,630,624,-6,13,637,168,171,137,1183,954,21,1018,1015,-3,0,0,,,,,,
2015,1,1,4,DL,1598,N669DN,SEA,ATL,630,631,1,29,700,275,287,245,2182,1405,13,1405,1418,13,0,0,,,,,,
2015,1,1,4,DL,1809,N970AT,EWR,ATL,630,629,-1,12,641,167,130,114,746,835,4,917,839,-38,0,0,,,,,,
2015,1,1,4,DL,1872,N6705Y,TPA,ATL,630,629,-1,9,638,88,74,61,406,739,4,758,743,-15,0,0,,,,,,
2015,1,1,4,EV,2549,N909EV,BPT,DFW,630,630,0,13,643,70,71,46,270,729,12,740,741,1,0,0,,,,,,
2015,1,1,4,EV,3261,N13123,RIC,IAD,630,629,-1,9,638,57,51,28,100,706,14,727,720,-7,0,0,,,,,,
2015,1,1,4,EV,3929,N13118,EWR,JAX,630,630,0,20,650,159,146,120,820,850,6,909,856,-13,0,0,,,,,,
2015,1,1,4,EV,4306,N13970,GPT,IAH,630,623,-7,9,632,87,89,72,376,744,8,757,752,-5,0,0,,,,,,
2015,1,1,4,F9,295,N202FR,TPA,DEN,630,750,80,13,803,245,234,214,1506,937,7,835,944,69,0,0,,0,0,69,0,0
2015,1,1,4,F9,711,N203FR,RSW,DEN,630,647,17,11,658,254,246,229,1607,847,6,844,853,9,0,0,,,,,,
2015,1,1,4,F9,1246,N912FR,DEN,DFW,630,634,4,10,644,110,123,96,641,920,17,920,937,17,0,0,,13,0,0,0,4
2015,1,1,4,F9,1108,N947FR,CLE,MCO,630,628,-2,11,639,140,136,115,895,834,10,850,844,-6,0,0,,,,,,
2015,1,1,4,MQ,2913,N600MQ,GPT,DFW,630,,,,,115,,,500,,,825,,,0,1,B,,,,,
2015,1,1,4,MQ,3649,N935MQ,MGM,DFW,630,,,,,135,,,622,,,845,,,0,1,B,,,,,
2015,1,1,4,OO,2604,N693BR,SAN,LAX,630,620,-10,17,637,55,49,25,109,702,7,725,709,-16,0,0,,,,,,
2015,1,1,4,NK,379,N503NK,ACY,MYR,630,621,-9,36,657,95,114,73,466,810,5,805,815,10,0,0,,,,,,
2015,1,1,4,OO,5381,N937SW,STC,ORD,630,623,-7,37,700,86,100,52,394,752,11,756,803,7,0,0,,,,,,
2015,1,1,4,OO,4553,N820SK,BOI,LAX,630,624,-6,30,654,130,127,90,674,724,7,740,731,-9,0,0,,,,,,
2015,1,1,4,OO,5186,N471CA,SFO,SAN,630,637,7,14,651,92,81,64,447,755,3,802,758,-4,0,0,,,,,,
2015,1,1,4,OO,5581,N755SK,MSP,LAX,630,630,0,18,648,240,252,217,1535,825,17,830,842,12,0,0,,,,,,
2015,1,1,4,OO,6588,N885AS,BFL,PHX,630,630,0,15,645,93,92,71,425,856,6,903,902,-1,0,0,,,,,,
2015,1,1,4,UA,1534,N75432,TPA,ORD,631,629,-2,12,641,168,165,144,1012,805,9,819,814,-5,0,0,,,,,,
2015,1,1,4,EV,5764,N832AS,ORD,IAD,632,627,-5,14,641,112,100,77,589,858,9,924,907,-17,0,0,,,,,,
2015,1,1,4,HA,114,N493HA,HNL,OGG,632,627,-5,9,636,36,35,20,100,656,6,708,702,-6,0,0,,,,,,
2015,1,1,4,B6,675,N294JB,JFK,MSY,633,625,-8,23,648,211,221,194,1182,902,4,904,906,2,0,0,,,,,,
2015,1,1,4,OO,5297,N908SW,MKE,ORD,633,623,-10,12,635,54,39,21,67,656,6,727,702,-25,0,0,,,,,,
2015,1,1,4,UA,410,N403UA,MIA,ORD,635,633,-2,36,709,200,221,174,1197,903,11,855,914,19,0,0,,19,0,0,0,0
2015,1,1,4,US,700,N675AW,SEA,PHL,635,627,-8,12,639,301,286,263,2378,1402,11,1436,1413,-23,0,0,,,,,,
2015,1,1,4,WN,1926,N7745A,SAT,ATL,635,634,-1,10,644,135,126,103,874,927,13,950,940,-10,0,0,,,,,,
2015,1,1,4,WN,1119,N965WN,PDX,MDW,635,632,-3,9,641,235,232,218,1751,1219,5,1230,1224,-6,0,0,,,,,,
2015,1,1,4,US,474,N604AW,LAS,PHX,635,628,-7,12,640,71,65,46,255,826,7,846,833,-13,0,0,,,,,,
2015,1,1,4,AA,129,N4WPAA,JAX,DFW,635,648,13,13,701,170,165,141,918,822,11,825,833,8,0,0,,,,,,
2015,1,1,4,AA,1349,N4XJAA,MSY,DFW,635,,,,,100,,,447,,,815,,,0,1,B,,,,,
2015,1,1,4,AA,1543,N486AA,PIT,DFW,635,627,-8,12,639,200,181,162,1067,821,7,855,828,-27,0,0,,,,,,
2015,1,1,4,AA,2220,N586AA,COS,DFW,635,623,-12,25,648,120,123,88,592,916,10,935,926,-9,0,0,,,,,,
2015,1,1,4,AS,240,N569AS,SEA,SAN,635,629,-6,24,653,163,161,133,1050,906,4,918,910,-8,0,0,,,,,,
2015,1,1,4,AS,576,N323AS,PDX,SAN,635,628,-7,14,642,139,134,117,933,839,3,854,842,-12,0,0,,,,,,
2015,1,1,4,AS,724,N612AS,SEA,SLC,635,625,-10,24,649,121,121,93,689,922,4,936,926,-10,0,0,,,,,,
2015,1,1,4,B6,475,N599JB,PVD,MCO,635,629,-6,37,706,190,204,155,1072,941,12,945,953,8,0,0,,,,,,
2015,1,1,4,B6,1467,N216JB,HPN,PBI,635,624,-11,9,633,176,161,146,1056,859,6,931,905,-26,0,0,,,,,,
2015,1,1,4,AA,1441,N3GYAA,JFK,LAS,635,656,21,24,720,350,374,342,2248,1002,8,925,1010,45,0,0,,24,0,21,0,0
2015,1,1,4,DL,2005,N990DL,MLB,ATL,635,632,-3,10,642,95,81,65,442,747,6,810,753,-17,0,0,,,,,,
2015,1,1,4,DL,2290,N963DN,PIT,ATL,635,633,-2,11,644,129,90,74,526,758,5,844,803,-41,0,0,,,,,,
2015,1,1,4,DL,1864,N360NW,SAN,MSP,635,632,-3,17,649,224,217,190,1532,1159,10,1219,1209,-10,0,0,,,,,,
2015,1,1,4,EV,5579,N136EV,ABE,ATL,635,628,-7,13,641,139,126,110,692,831,3,854,834,-20,0,0,,,,,,
2015,1,1,4,MQ,3443,N635MQ,SPI,DFW,635,,,,,135,,,630,,,850,,,0,1,B,,,,,
2015,1,1,4,OO,4758,N440SW,PLN,DTW,635,626,-9,37,703,79,87,41,243,744,9,754,753,-1,0,0,,,,,,
2015,1,1,4,OO,3460,N219AG,PDX,ONT,635,635,0,12,647,134,121,105,838,832,4,849,836,-13,0,0,,,,,,
2015,1,1,4,UA,665,N401UA,RSW,EWR,638,632,-6,10,642,172,163,144,1068,906,9,930,915,-15,0,0,,,,,,
2015,1,1,4,DL,1056,N922DX,SJC,MSP,639,634,-5,14,648,231,234,214,1576,1222,6,1230,1228,-2,0,0,,,,,,
2015,1,1,4,OO,4577,N455SW,CIU,DTW,640,637,-3,19,656,84,70,45,284,741,6,804,747,-17,0,0,,,,,,
2015,1,1,4,US,1718,N939UW,MCO,CLT,640,637,-3,10,647,96,91,71,468,758,10,816,808,-8,0,0,,,,,,
2015,1,1,4,US,1943,N508AY,BWI,CLT,640,637,-3,22,659,94,95,67,361,806,6,814,812,-2,0,0,,,,,,
2015,1,1,4,US,1946,N915US,EWR,CLT,640,648,8,11,659,121,104,88,529,827,5,841,832,-9,0,0,,,,,,
2015,1,1,4,WN,795,N968WN,AUS,ATL,640,637,-3,12,649,130,114,96,813,925,6,950,931,-19,0,0,,,,,,
2015,1,1,4,WN,692,N221WN,CAK,MCO,640,636,-4,9,645,150,138,122,861,847,7,910,854,-16,0,0,,,,,,
2015,1,1,4,WN,1170,N902WN,FLL,LAS,640,639,-1,10,649,330,316,303,2173,852,3,910,855,-15,0,0,,,,,,
2015,1,1,4,WN,653,N934WN,MKE,LAS,640,635,-5,11,646,245,238,221,1524,827,6,845,833,-12,0,0,,,,,,
2015,1,1,4,WN,890,N717SA,PHX,MDW,640,633,-7,21,654,195,186,160,1444,1034,5,1055,1039,-16,0,0,,,,,,
2015,1,1,4,WN,832,N8616C,SJC,LAS,640,640,0,10,650,85,80,63,386,753,7,805,800,-5,0,0,,,,,,
2015,1,1,4,UA,1284,N11206,LAS,EWR,640,639,-1,10,649,289,253,234,2227,1343,9,1429,1352,-37,0,0,,,,,,
2015,1,1,4,UA,1748,N16703,ORD,EWR,640,643,3,12,655,125,124,82,719,917,30,945,947,2,0,0,,,,,,
2015,1,1,4,AA,1305,N456AA,DSM,DFW,640,633,-7,32,705,140,144,105,624,850,7,900,857,-3,0,0,,,,,,
2015,1,1,4,AA,1285,N576AA,IAH,DFW,640,,,,,70,,,224,,,750,,,0,1,B,,,,,
2015,1,1,4,AA,1562,N475AA,RIC,DFW,640,636,-4,17,653,220,217,188,1158,901,12,920,913,-7,0,0,,,,,,
2015,1,1,4,AS,548,N306AS,BLI,SEA,640,632,-8,26,658,37,59,26,93,724,7,717,731,14,0,0,,,,,,
2015,1,1,4,AS,558,N307AS,PDX,LAX,640,643,3,10,653,144,136,110,834,843,16,904,859,-5,0,0,,,,,,
2015,1,1,4,AS,560,N435AS,SEA,PSP,640,636,-4,12,648,152,140,124,987,852,4,912,856,-16,0,0,,,,,,
2015,1,1,4,AS,569,N471AS,LAX,PDX,640,639,-1,16,655,150,144,124,834,859,4,910,903,-7,0,0,,,,,,
2015,1,1,4,AS,662,N302AS,SEA,DFW,640,633,-7,18,651,222,239,211,1660,1222,10,1222,1232,10,0,0,,,,,,
2015,1,1,4,AS,709,N769AS,SLC,SJC,640,747,67,28,815,123,106,75,584,830,3,743,833,50,0,0,,0,0,0,0,50
2015,1,1,4,AA,2476,N3LEAA,BDL,MIA,640,634,-6,13,647,206,232,164,1194,931,55,1006,1026,20,0,0,,20,0,0,0,0
2015,1,1,4,DL,1332,N540US,RSW,ATL,640,640,0,14,654,108,100,81,515,815,5,828,820,-8,0,0,,,,,,
2015,1,1,4,DL,2135,N990AT,TPA,LGA,640,634,-6,12,646,154,149,128,1010,854,9,914,903,-11,0,0,,,,,,
2015,1,1,4,DL,2276,N909DE,MCO,LGA,640,638,-2,14,652,153,148,125,950,857,9,913,906,-7,0,0,,,,,,
2015,1,1,4,DL,2566,N913DN,SFO,MSP,640,636,-4,13,649,228,227,206,1589,1215,8,1228,1223,-5,0,0,,,,,,
2015,1,1,4,EV,2506,N904EV,CRP,DFW,640,638,-2,14,652,80,71,52,354,744,5,800,749,-11,0,0,,,,,,
2015,1,1,4,EV,2555,N830AS,SHV,DFW,640,656,16,15,711,65,63,42,190,753,6,745,759,14,0,0,,,,,,
2015,1,1,4,EV,2561,N877AS,BTR,DFW,640,639,-1,15,654,85,94,64,383,758,15,805,813,8,0,0,,,,,,
2015,1,1,4,EV,2537,N902EV,MLU,DFW,640,643,3,11,654,80,67,52,293,746,4,800,750,-10,0,0,,,,,,
2015,1,1,4,MQ,2775,N613MQ,PIA,DFW,640,,,,,145,,,672,,,905,,,0,1,B,,,,,
2015,1,1,4,MQ,2966,N855MQ,ROW,DFW,640,,,,,85,,,435,,,905,,,0,1,B,,,,,
2015,1,1,4,MQ,3359,N905MQ,FWA,DFW,640,,,,,170,,,859,,,830,,,0,1,B,,,,,
2015,1,1,4,MQ,3476,N653MQ,CHS,MIA,640,634,-6,36,710,100,117,74,489,824,7,820,831,11,0,0,,,,,,
2015,1,1,4,MQ,3589,N692MQ,GSO,MIA,640,637,-3,36,713,136,138,99,710,852,3,856,855,-1,0,0,,,,,,
2015,1,1,4,NK,705,N588NK,LGA,FLL,640,828,108,19,847,186,175,147,1076,1114,9,946,1123,97,0,0,,97,0,0,0,0
2015,1,1,4,NK,567,N504NK,DTW,ATL,640,638,-2,10,648,114,105,85,594,813,10,834,823,-11,0,0,,,,,,
2015,1,1,4,NK,417,N587NK,DTW,FLL,640,643,3,11,654,186,167,150,1127,924,6,946,930,-16,0,0,,,,,,
2015,1,1,4,OO,3456,N217AG,PDX,BUR,640,638,-2,22,700,130,129,104,817,844,3,850,847,-3,0,0,,,,,,
2015,1,1,4,OO,5492,N703SK,MSN,ORD,640,643,3,31,714,57,71,28,108,742,12,737,754,17,0,0,,14,0,3,0,0
2015,1,1,4,OO,6495,N932EV,COS,LAX,640,634,-6,30,704,165,151,115,833,759,6,825,805,-20,0,0,,,,,,
2015,1,1,4,OO,5291,N564SW,GCC,DEN,642,642,0,16,658,107,91,66,313,804,9,829,813,-16,0,0,,,,,,
2015,1,1,4,UA,536,N852UA,LAX,IAH,644,636,-8,12,648,197,183,164,1379,1132,7,1201,1139,-22,0,0,,,,,,
2015,1,1,4,UA,259,N427UA,SNA,IAH,645,653,8,16,709,200,177,156,1346,1145,5,1205,1150,-15,0,0,,,,,,
2015,1,1,4,UA,792,N802UA,BUF,ORD,645,718,33,23,741,106,110,85,473,806,2,731,808,37,0,0,,4,0,33,0,0
2015,1,1,4,VX,922,N361VA,SFO,LAX,645,638,-7,9,647,80,71,54,337,741,8,805,749,-16,0,0,,,,,,
2015,1,1,4,WN,3213,N8612K,DAL,MDW,645,649,4,8,657,140,110,95,793,832,7,905,839,-26,0,0,,,,,,
2015,1,1,4,WN,2599,N912WN,LIT,DAL,645,648,3,9,657,75,70,56,296,753,5,800,758,-2,0,0,,,,,,
2015,1,1,4,WN,2199,N400WN,MHT,MCO,645,645,0,9,654,205,187,171,1142,945,7,1010,952,-18,0,0,,,,,,
2015,1,1,4,WN,3739,N780SW,ALB,MCO,645,644,-1,9,653,195,167,153,1073,926,5,1000,931,-29,0,0,,,,,,
2015,1,1,4,WN,1188,N783SW,SAT,BWI,645,642,-3,6,648,185,163,153,1407,1021,4,1050,1025,-25,0,0,,,,,,
2015,1,1,4,WN,4563,N642WN,OKC,ATL,645,641,-4,35,716,125,131,90,761,946,6,950,952,2,0,0,,,,,,
2015,1,1,4,US,593,N163US,SNA,PHX,645,645,0,15,700,86,74,50,338,850,9,911,859,-12,0,0,,,,,,
2015,1,1,4,AA,323,N520AA,DFW,STL,645,,,,,95,,,550,,,820,,,0,1,B,,,,,
2015,1,1,4,AA,1107,N3ADAA,LGA,DFW,645,641,-4,16,657,255,256,229,1389,946,11,1000,957,-3,0,0,,,,,,
2015,1,1,4,AA,1234,N3MCAA,LAS,ORD,645,641,-4,12,653,210,196,175,1514,1148,9,1215,1157,-18,0,0,,,,,,
2015,1,1,4,AA,1283,N3CRAA,BNA,MIA,645,641,-4,21,702,140,132,104,806,946,7,1005,953,-12,0,0,,,,,,
2015,1,1,4,AA,1287,N3BBAA,MSP,MIA,645,714,29,26,740,225,212,179,1501,1139,7,1130,1146,16,0,0,,0,0,16,0,0
2015,1,1,4,AA,1300,N3FRAA,SNA,DFW,645,645,0,22,707,185,171,143,1205,1130,6,1150,1136,-14,0,0,,,,,,
2015,1,1,4,AA,2326,N3KEAA,MIA,DCA,645,718,33,16,734,150,148,127,919,941,5,915,946,31,0,0,,0,0,0,31,0
2015,1,1,4,B6,318,N183JB,JFK,BOS,645,638,-7,23,701,71,66,38,187,739,5,756,744,-12,0,0,,,,,,
2015,1,1,4,B6,1137,N374JB,BOS,DTW,645,642,-3,15,657,145,136,112,632,849,9,910,858,-12,0,0,,,,,,
2015,1,1,4,DL,716,N944DL,OMA,ATL,645,637,-8,27,704,144,,,821,1447,4,1009,1451,,1,0,,,,,,
2015,1,1,4,DL,765,N329NB,PIT,MSP,645,642,-3,11,653,154,134,114,726,747,9,819,756,-23,0,0,,,,,,
2015,1,1,4,DL,801,N633DL,SNA,ATL,645,641,-4,23,704,256,239,207,1919,1331,9,1401,1340,-21,0,0,,,,,,
2015,1,1,4,DL,827,N678DL,FLL,ATL,645,639,-6,13,652,114,101,81,581,813,7,839,820,-19,0,0,,,,,,
2015,1,1,4,DL,860,N324NB,SNA,MSP,645,642,-3,23,705,225,220,188,1522,1213,9,1230,1222,-8,0,0,,,,,,
2015,1,1,4,DL,886,N918DL,ATL,LGA,645,644,-1,31,715,128,137,97,762,852,9,853,901,8,0,0,,,,,,
2015,1,1,4,DL,1135,N309DE,BHM,ATL,645,644,-1,9,653,69,44,30,134,823,5,854,828,-26,0,0,,,,,,
2015,1,1,4,DL,1324,N908DE,BNA,ATL,645,642,-3,15,657,74,57,36,214,833,6,859,839,-20,0,0,,,,,,
2015,1,1,4,AA,1449,N3KDAA,FLL,DFW,645,,,,,195,,,1119,,,900,,,0,1,B,,,,,
2015,1,1,4,DL,246,N391DA,SAN,JFK,645,642,-3,15,657,314,286,264,2446,1421,7,1459,1428,-31,0,0,,,,,,
2015,1,1,4,AA,2395,N469AA,BHM,DFW,645,644,-1,12,656,135,131,103,597,839,16,900,855,-5,0,0,,,,,,
2015,1,1,4,EV,4438,N26141,HOB,IAH,645,,,,,97,,,501,,,922,,,0,1,B,,,,,
2015,1,1,4,EV,6042,N21144,LNK,DEN,645,717,32,20,737,99,95,69,423,746,6,724,752,28,0,0,,0,0,0,0,28
2015,1,1,4,F9,110,N206FR,DEN,MSP,645,711,26,9,720,115,105,88,680,948,8,940,956,16,0,0,,0,0,16,0,0
2015,1,1,4,F9,782,N219FR,LAS,DEN,645,642,-3,18,700,109,120,90,628,930,12,934,942,8,0,0,,,,,,
2015,1,1,4,F9,268,N921FR,SNA,DEN,645,638,-7,23,701,145,144,114,846,955,7,1010,1002,-8,0,0,,,,,,
2015,1,1,4,MQ,2965,N637MQ,SGF,DFW,645,,,,,95,,,364,,,820,,,0,1,B,,,,,
2015,1,1,4,MQ,3009,N651MQ,CMI,DFW,645,642,-3,12,654,145,139,117,693,851,10,910,901,-9,0,0,,,,,,
2015,1,1,4,MQ,3431,N820MQ,COU,DFW,645,,,,,120,,,489,,,845,,,0,1,B,,,,,
2015,1,1,4,NK,301,N626NK,BWI,FLL,645,649,4,11,700,157,142,125,925,905,6,922,911,-11,0,0,,,,,,
2015,1,1,4,NK,725,N525NK,MCI,IAH,645,637,-8,10,647,110,126,108,643,835,8,835,843,8,0,0,,,,,,
2015,1,1,4,OO,6262,N953SW,GTF,DEN,645,636,-9,12,648,117,115,87,624,815,16,842,831,-11,0,0,,,,,,
2015,1,1,4,OO,4811,N443SW,BNA,CVG,645,637,-8,16,653,72,66,45,230,838,5,857,843,-14,0,0,,,,,,
2015,1,1,4,OO,6502,N785SK,SNA,SFO,645,657,12,16,713,95,82,63,372,816,3,820,819,-1,0,0,,,,,,
2015,1,1,4,OO,6523,N754SK,PHX,LAX,645,701,16,17,718,96,82,61,370,719,4,721,723,2,0,0,,,,,,
2015,1,1,4,OO,4974,N792SK,ATL,IAH,646,642,-4,16,658,136,147,121,689,759,10,802,809,7,0,0,,,,,,
2015,1,1,4,OO,7385,N301YV,EKO,SLC,646,636,-10,20,656,64,81,55,200,851,6,850,857,7,0,0,,,,,,
2015,1,1,4,B6,1208,N273JB,IAD,JFK,647,641,-6,25,706,73,80,49,228,755,6,800,801,1,0,0,,,,,,
2015,1,1,4,HA,338,N481HA,HNL,KOA,647,639,-8,11,650,42,44,27,163,717,6,729,723,-6,0,0,,,,,,
2015,1,1,4,OO,6291,N706SK,FAT,SFO,648,645,-3,30,715,67,63,28,158,743,5,755,748,-7,0,0,,,,,,
2015,1,1,4,DL,1212,N582NW,LAX,MSP,649,647,-2,14,701,218,211,193,1535,1214,4,1227,1218,-9,0,0,,,,,,
2015,1,1,4,UA,284,N832UA,PHX,SFO,650,751,61,27,818,134,121,89,651,847,5,804,852,48,0,0,,0,0,0,0,48
2015,1,1,4,US,1866,N626AW,PIT,CLT,650,653,3,11,704,99,87,68,366,812,8,829,820,-9,0,0,,,,,,
2015,1,1,4,US,2071,N553UW,MSP,CLT,650,647,-3,23,710,160,150,111,930,1001,16,1030,1017,-13,0,0,,,,,,
2015,1,1,4,WN,985,N8315C,BWI,MCO,650,643,-7,10,653,160,133,115,787,848,8,930,856,-34,0,0,,,,,,
2015,1,1,4,WN,739,N927WN,MSY,ATL,650,647,-3,6,653,85,72,60,425,853,6,915,859,-16,0,0,,,,,,
2015,1,1,4,WN,2964,N481WN,PHX,DAL,650,654,4,16,710,130,130,111,879,1001,3,1000,1004,4,0,0,,,,,,
2015,1,1,4,UA,1291,N33209,FLL,ORD,650,645,-5,14,659,202,207,175,1182,854,18,912,912,0,0,0,,,,,,
2015,1,1,4,US,408,N521UW,PHL,PHX,650,640,-10,19,659,325,351,327,2075,1026,5,1015,1031,16,0,0,,16,0,0,0,0
2015,1,1,4,AA,338,N3DJAA,LAX,SFO,650,644,-6,21,705,80,79,55,337,800,3,810,803,-7,0,0,,,,,,
2015,1,1,4,AA,1371,N477AA,MEM,DFW,650,641,-9,14,655,105,101,78,432,813,9,835,822,-13,0,0,,,,,,
2015,1,1,4,AA,1318,N5CDAA,BOS,DFW,650,645,-5,21,706,280,287,256,1562,1022,10,1030,1032,2,0,0,,,,,,
2015,1,1,4,AA,1595,N553AA,AUS,DFW,650,647,-3,14,701,65,53,33,190,734,6,755,740,-15,0,0,,,,,,
2015,1,1,4,AA,2226,N426AA,DFW,TPA,650,800,70,17,817,135,135,114,929,1111,4,1005,1115,70,0,0,,0,0,70,0,0
2015,1,1,4,AA,2429,N4XPAA,CLE,DFW,650,653,3,9,702,195,177,159,1021,841,9,905,850,-15,0,0,,,,,,
2015,1,1,4,AA,2424,N3DLAA,LAX,DFW,650,641,-9,18,659,180,188,146,1235,1125,24,1150,1149,-1,0,0,,,,,,
2015,1,1,4,AS,321,N613AS,SJC,SEA,650,647,-3,8,655,124,113,100,697,835,5,854,840,-14,0,0,,,,,,
2015,1,1,4,AS,582,N611AS,PDX,SNA,650,649,-1,9,658,139,130,117,859,855,4,909,859,-10,0,0,,,,,,
2015,1,1,4,AS,629,N626AS,LAS,PDX,650,637,-13,14,651,136,131,114,763,845,3,906,848,-18,0,0,,,,,,
2015,1,1,4,AS,805,N588AS,SEA,SMF,650,644,-6,14,658,110,102,80,605,818,8,840,826,-14,0,0,,,,,,
2015,1,1,4,B6,148,N659JB,LGB,OAK,650,648,-2,12,700,82,75,59,353,759,4,812,803,-9,0,0,,,,,,
2015,1,1,4,DL,476,N196DN,LAX,JFK,650,650,0,25,715,319,308,274,2475,1449,9,1509,1458,-11,0,0,,,,,,
2015,1,1,4,DL,1085,N994AT,AVL,ATL,650,658,8,24,722,65,56,30,164,752,2,755,754,-1,0,0,,,,,,
2015,1,1,4,DL,2512,N937AT,HSV,ATL,650,651,1,10,701,68,59,30,151,831,19,858,850,-8,0,0,,,,,,
2015,1,1,4,EV,6175,N13124,BNA,ORD,650,644,-6,29,713,110,111,73,409,826,9,840,835,-5,0,0,,,,,,
2015,1,1,4,MQ,3082,N918MQ,SAF,DFW,650,,,,,95,,,551,,,925,,,0,1,B,,,,,
2015,1,1,4,MQ,2973,N628MQ,GRR,DFW,650,,,,,195,,,931,,,905,,,0,1,B,,,,,
2015,1,1,4,MQ,3294,N509MQ,XNA,ORD,650,700,10,12,712,110,90,70,522,822,8,840,830,-10,0,0,,,,,,
2015,1,1,4,MQ,3268,N694MQ,SUX,ORD,650,646,-4,32,718,100,99,61,436,819,6,830,825,-5,0,0,,,,,,
2015,1,1,4,MQ,3419,N939MQ,LFT,DFW,650,,,,,85,,,351,,,815,,,0,1,B,,,,,
2015,1,1,4,NK,729,N629NK,ORD,TPA,650,724,34,9,733,163,143,127,1012,1040,7,1033,1047,14,0,0,,,,,,
2015,1,1,4,OO,5536,N779SK,PSP,IAH,650,801,71,10,811,178,162,147,1269,1238,5,1148,1243,55,0,0,,0,0,0,0,55
2015,1,1,4,OO,5428,N679SA,HYS,DEN,650,650,0,23,713,74,85,53,298,706,9,704,715,11,0,0,,,,,,
2015,1,1,4,UA,464,N434UA,BOS,EWR,651,652,1,13,705,86,69,45,200,750,11,817,801,-16,0,0,,,,,,
2015,1,1,4,HA,332,N483HA,HNL,ITO,651,738,47,17,755,50,56,33,216,828,6,741,834,53,0,0,,0,0,53,0,0
2015,1,1,4,AA,1101,N5ENAA,JFK,MIA,652,649,-3,29,718,198,194,153,1089,951,12,1010,1003,-7,0,0,,,,,,
2015,1,1,4,NK,111,N522NK,DTW,LAS,652,714,22,11,725,273,277,262,1749,847,4,825,851,26,0,0,,26,0,0,0,0
2015,1,1,4,UA,1077,N37462,EWR,MIA,653,649,-4,11,700,178,167,152,1085,932,4,951,936,-15,0,0,,,,,,
2015,1,1,4,UA,1510,N37255,SAN,IAH,653,655,2,14,709,188,176,151,1303,1140,11,1201,1151,-10,0,0,,,,,,
2015,1,1,4,UA,204,N810UA,DFW,IAH,654,653,-1,15,708,69,69,43,224,751,11,803,802,-1,0,0,,,,,,
2015,1,1,4,US,773,N701UW,RIC,CLT,655,645,-10,17,702,77,74,54,257,756,3,812,759,-13,0,0,,,,,,
2015,1,1,4,US,1960,N644AW,TPA,CLT,655,654,-1,11,705,100,94,74,507,819,9,835,828,-7,0,0,,,,,,
2015,1,1,4,UA,670,N457UA,TPA,EWR,655,654,-1,13,707,155,155,133,997,920,9,930,929,-1,0,0,,,,,,
2015,1,1,4,WN,707,N706SW,CAK,ATL,655,651,-4,12,703,120,94,77,528,820,5,855,825,-30,0,0,,,,,,
2015,1,1,4,WN,537,N799SW,MCO,ATL,655,651,-4,12,703,95,95,63,404,806,20,830,826,-4,0,0,,,,,,
2015,1,1,4,WN,897,N427WN,ABQ,DAL,655,655,0,24,719,105,108,81,580,940,3,940,943,3,0,0,,,,,,
2015,1,1,4,WN,753,N443WN,PVD,FLL,655,656,1,7,703,200,179,169,1188,952,3,1015,955,-20,0,0,,,,,,
2015,1,1,4,WN,969,N268WN,PHL,FLL,655,651,-4,9,700,170,150,137,992,917,4,945,921,-24,0,0,,,,,,
2015,1,1,4,WN,4120,N247WN,PHL,LAS,655,653,-2,14,707,345,339,321,2176,928,4,940,932,-8,0,0,,,,,,
2015,1,1,4,AA,299,N857AA,MIA,DEN,655,659,4,15,714,267,264,242,1709,916,7,922,923,1,0,0,,,,,,
2015,1,1,4,AA,367,N494AA,TUL,DFW,655,,,,,75,,,237,,,810,,,0,1,A,,,,,
2015,1,1,4,AA,222,N3JSAA,LAX,BOS,655,650,-5,17,707,320,292,271,2611,1438,4,1515,1442,-33,0,0,,,,,,
2015,1,1,4,AA,1104,N3LAAA,DFW,LGA,655,647,-8,15,702,190,176,157,1389,1039,4,1105,1043,-22,0,0,,,,,,
2015,1,1,4,AA,1373,N549AA,BWI,DFW,655,647,-8,17,704,220,230,202,1217,926,11,935,937,2,0,0,,,,,,
2015,1,1,4,AA,2401,N858AA,DFW,LAX,655,,,,,205,,,1235,,,820,,,0,1,B,,,,,
2015,1,1,4,B6,16,N934JB,SFO,JFK,655,652,-3,10,702,322,316,299,2586,1501,7,1517,1508,-9,0,0,,,,,,
2015,1,1,4,DL,1071,N932DN,MKE,MSP,655,653,-2,27,720,90,82,52,297,812,3,825,815,-10,0,0,,,,,,
2015,1,1,4,DL,2090,N698DL,PDX,MSP,655,652,-3,12,704,203,194,174,1426,1158,8,1218,1206,-12,0,0,,,,,,
2015,1,1,4,B6,2324,N206JB,MCO,DCA,655,651,-4,14,705,124,120,103,759,848,3,859,851,-8,0,0,,,,,,
2015,1,1,4,B6,2702,N571JB,JFK,BUF,655,645,-10,18,703,94,82,62,301,805,2,829,807,-22,0,0,,,,,,
2015,1,1,4,DL,1651,N954DN,MSP,LAS,655,652,-3,13,705,218,180,160,1299,745,7,833,752,-41,0,0,,,,,,
2015,1,1,4,DL,1818,N555NW,ATL,MCO,655,654,-1,14,708,87,81,59,404,807,8,822,815,-7,0,0,,,,,,
2015,1,1,4,EV,3924,N14960,MFE,IAH,655,647,-8,14,701,74,69,50,316,751,5,809,756,-13,0,0,,,,,,
2015,1,1,4,F9,907,N926FR,TTN,RDU,655,719,24,9,728,93,72,59,373,827,4,828,831,3,0,0,,,,,,
2015,1,1,4,MQ,3063,N511MQ,ELP,ORD,655,,,,,175,,,1236,,,1050,,,0,1,A,,,,,
2015,1,1,4,MQ,3110,N688MQ,HSV,ORD,655,657,2,12,709,130,109,87,510,836,10,905,846,-19,0,0,,,,,,
2015,1,1,4,MQ,3188,N507MQ,ABQ,ORD,655,712,17,21,733,155,173,119,1118,1032,33,1030,1105,35,0,0,,18,0,17,0,0
2015,1,1,4,UA,821,N490UA,RDU,SFO,657,657,0,17,714,361,356,328,2400,942,11,958,953,-5,0,0,,,,,,
2015,1,1,4,UA,312,N833UA,EWR,LAX,659,656,-3,15,711,386,384,340,2454,951,29,1025,1020,-5,0,0,,,,,,
2015,1,1,4,US,823,N128UW,DCA,CLT,659,655,-4,12,707,89,78,63,331,810,3,828,813,-15,0,0,,,,,,
2015,1,1,4,UA,1052,N69838,MCO,EWR,659,658,-1,10,708,152,146,127,937,915,9,931,924,-7,0,0,,,,,,
2015,1,1,4,AA,1553,N3JNAA,DCA,MIA,659,653,-6,11,704,165,151,129,919,913,11,944,924,-20,0,0,,,,,,
2015,1,1,4,B6,15,N944JB,JFK,SFO,659,659,0,16,715,404,380,350,2586,1005,14,1043,1019,-24,0,0,,,,,,
2015,1,1,4,B6,453,N652JB,JFK,PBI,659,655,-4,13,708,183,164,143,1028,931,8,1002,939,-23,0,0,,,,,,
2015,1,1,4,DL,1547,N997DL,LGA,ATL,659,658,-1,15,713,164,134,115,762,908,4,943,912,-31,0,0,,,,,,
2015,1,1,4,OO,6618,N506CA,PSP,PHX,659,658,-1,7,705,68,58,41,261,846,10,907,856,-11,0,0,,,,,,
2015,1,1,4,OO,5366,N930EV,DVL,JMS,700,,,,,38,,,83,,,738,,,0,1,B,,,,,
2015,1,1,4,UA,356,N432UA,ALB,ORD,700,710,10,11,721,159,150,130,723,831,9,839,840,1,0,0,,,,,,
2015,1,1,4,UA,392,N456UA,PDX,SFO,700,658,-2,15,713,113,98,78,550,831,5,853,836,-17,0,0,,,,,,
2015,1,1,4,UA,417,N429UA,EWR,TPA,700,659,-1,9,708,181,163,149,997,937,5,1001,942,-19,0,0,,,,,,
2015,1,1,4,US,852,N715UW,JAX,CLT,700,655,-5,14,709,87,72,53,328,802,5,827,807,-20,0,0,,,,,,
2015,1,1,4,US,1722,N825AW,CLE,CLT,700,652,-8,11,703,103,87,68,430,811,8,843,819,-24,0,0,,,,,,
2015,1,1,4,US,1877,N826AW,CLT,MIA,700,654,-6,23,717,119,118,91,650,848,4,859,852,-7,0,0,,,,,,
2015,1,1,4,US,1961,N566UW,IAH,CLT,700,656,-4,12,708,142,137,105,912,953,20,1022,1013,-9,0,0,,,,,,
2015,1,1,4,US,1978,N827AW,IND,CLT,700,657,-3,13,710,98,84,63,427,813,8,838,821,-17,0,0,,,,,,
2015,1,1,4,US,2064,N538UW,DFW,CLT,700,655,-5,35,730,148,155,112,936,1022,8,1028,1030,2,0,0,,,,,,
2015,1,1,4,UA,463,N482UA,LGA,ORD,700,658,-2,13,711,159,156,136,733,827,7,839,834,-5,0,0,,,,,,
2015,1,1,4,UA,514,N411UA,BOS,IAH,700,656,-4,15,711,273,261,236,1597,1007,10,1033,1017,-16,0,0,,,,,,
2015,1,1,4,UA,521,N854UA,BOS,ORD,700,700,0,32,732,178,191,154,867,906,5,858,911,13,0,0,,,,,,
2015,1,1,4,UA,736,N522UA,SFO,EWR,700,659,-1,21,720,326,315,286,2565,1506,8,1526,1514,-12,0,0,,,,,,
2015,1,1,4,UA,795,N843UA,SNA,DEN,700,701,1,13,714,142,148,111,846,1005,24,1022,1029,7,0,0,,,,,,
2015,1,1,4,UA,1027,N38424,SFO,IAH,700,658,-2,12,710,232,217,199,1635,1229,6,1252,1235,-17,0,0,,,,,,
2015,1,1,4,VX,399,N852VA,JFK,LAX,700,655,-5,18,713,385,392,360,2475,1013,14,1025,1027,2,0,0,,,,,,
2015,1,1,4,VX,897,N845VA,LAS,SFO,700,659,-1,13,712,85,80,61,414,813,6,825,819,-6,0,0,,,,,,
2015,1,1,4,WN,473,N423WN,BUF,FLL,700,700,0,29,729,195,192,158,1165,1007,5,1015,1012,-3,0,0,,,,,,
2015,1,1,4,WN,309,N657SW,BWI,HOU,700,658,-2,9,707,220,211,198,1246,925,4,940,929,-11,0,0,,,,,,
2015,1,1,4,WN,369,N8312C,BWI,LAS,700,655,-5,11,706,330,321,301,2106,907,9,930,916,-14,0,0,,,,,,
2015,1,1,4,WN,4635,N8305E,CLE,PHX,700,700,0,11,711,280,287,271,1737,942,5,940,947,7,0,0,,,,,,
2015,1,1,4,WN,1019,N792SW,DCA,DAL,700,655,-5,14,709,210,227,208,1184,937,5,930,942,12,0,0,,,,,,
2015,1,1,4,WN,194,N939WN,ISP,FLL,700,704,4,15,719,185,179,159,1092,958,5,1005,1003,-2,0,0,,,,,,
2015,1,1,4,WN,2511,N7735A,MDW,DAL,700,703,3,9,712,150,143,129,793,921,5,930,926,-4,0,0,,,,,,
2015,1,1,4,WN,767,N497WN,MDW,TPA,700,659,-1,16,715,165,152,132,997,1027,4,1045,1031,-14,0,0,,,,,,
2015,1,1,4,WN,390,N283WN,MSP,MDW,700,656,-4,10,706,95,76,58,349,804,8,835,812,-23,0,0,,,,,,
2015,1,1,4,WN,443,N628SW,PIT,MCO,700,658,-2,9,707,150,130,114,834,901,7,930,908,-22,0,0,,,,,,
2015,1,1,4,WN,921,N962WN,SAT,BNA,700,655,-5,10,705,120,109,94,822,839,5,900,844,-16,0,0,,,,,,
2015,1,1,4,WN,2373,N237WN,HOU,MCO,700,700,0,11,711,130,124,103,849,954,10,1010,1004,-6,0,0,,,,,,
2015,1,1,4,UA,1195,N57864,MCO,SFO,700,1228,328,13,1241,360,338,317,2446,1458,8,1000,1506,306,0,0,,0,0,0,306,0
2015,1,1,4,UA,1697,N14107,EWR,DEN,700,706,6,19,725,270,277,250,1605,935,8,930,943,13,0,0,,,,,,
2015,1,1,4,US,424,N161UW,ORD,PHX,700,658,-2,10,708,243,240,212,1440,940,18,1003,958,-5,0,0,,,,,,
2015,1,1,4,US,461,N540UW,ATL,CLT,700,658,-2,15,713,72,63,38,226,751,10,812,801,-11,0,0,,,,,,
2015,1,1,4,US,568,N565UW,SLC,PHX,700,701,1,29,730,109,109,68,507,838,12,849,850,1,0,0,,,,,,
2015,1,1,4,US,590,N758US,BOI,PHX,700,659,-1,30,729,128,131,97,735,906,4,908,910,2,0,0,,,,,,
2015,1,1,4,US,621,N185UW,DCA,PHX,700,701,1,15,716,320,324,306,1979,1022,3,1020,1025,5,0,0,,,,,,
2015,1,1,4,AA,9,N792AA,JFK,LAX,700,649,-11,22,711,380,397,368,2475,1019,7,1020,1026,6,0,0,,,,,,
2015,1,1,4,AA,17,N019AA,ATL,MIA,700,656,-4,15,711,112,106,82,594,833,9,852,842,-10,0,0,,,,,,
2015,1,1,4,AA,118,N788AA,LAX,JFK,700,650,-10,13,703,325,286,268,2475,1431,5,1525,1436,-49,0,0,,,,,,
2015,1,1,4,AA,68,N5EGAA,SFO,MIA,700,703,3,14,717,324,317,295,2585,1512,8,1524,1520,-4,0,0,,,,,,
2015,1,1,4,AA,201,N3LJAA,BOS,LAX,700,653,-7,16,709,395,412,390,2611,1039,6,1035,1045,10,0,0,,,,,,
2015,1,1,4,AA,204,N5DXAA,MIA,LAS,700,657,-3,20,717,328,337,308,2174,925,9,928,934,6,0,0,,,,,,
2015,1,1,4,AA,309,N4YDAA,DFW,BNA,700,652,-8,31,723,100,112,74,631,837,7,840,844,4,0,0,,,,,,
2015,1,1,4,AA,315,N3MAAA,LGA,ORD,700,658,-2,16,714,165,165,136,733,830,13,845,843,-2,0,0,,,,,,
2015,1,1,4,AA,1242,N489AA,FAT,DFW,700,745,45,12,757,195,195,170,1313,1247,13,1215,1300,45,0,0,,0,0,45,0,0
2015,1,1,4,AA,1247,N3CHAA,BOS,ORD,700,659,-1,26,725,185,191,149,867,854,16,905,910,5,0,0,,,,,,
2015,1,1,4,AA,1258,N491AA,LAS,DFW,700,656,-4,17,713,165,163,136,1055,1129,10,1145,1139,-6,0,0,,,,,,
2015,1,1,4,AA,1273,N023AA,MIA,IAH,700,823,83,18,841,178,207,155,964,1016,34,858,1050,112,0,0,,29,0,83,0,0
2015,1,1,4,AA,1354,N504AA,DFW,MCO,700,655,-5,17,712,150,144,123,985,1015,4,1030,1019,-11,0,0,,,,,,
2015,1,1,4,AA,1529,N5DHAA,MCO,LAX,700,658,-2,15,713,335,328,306,2218,919,7,935,926,-9,0,0,,,,,,
2015,1,1,4,AA,1582,N5EYAA,MIA,BOS,700,656,-4,10,706,193,182,167,1258,953,5,1013,958,-15,0,0,,,,,,
2015,1,1,4,AA,1699,N425AA,TPA,DFW,700,656,-4,3,659,170,164,150,929,829,11,850,840,-10,0,0,,,,,,
2015,1,1,4,AA,1507,N3KXAA,SEA,DFW,700,656,-4,12,708,230,258,213,1660,1241,33,1250,1314,24,0,0,,24,0,0,0,0
2015,1,1,4,AA,1513,N008AA,DFW,ATL,700,655,-5,11,706,125,105,89,731,935,5,1005,940,-25,0,0,,,,,,
2015,1,1,4,AA,1648,N571AA,TUS,DFW,700,,,,,130,,,813,,,1010,,,0,1,B,,,,,
2015,1,1,4,AA,2291,N859AA,DFW,MIA,700,,,,,163,,,1121,,,1043,,,0,1,B,,,,,
2015,1,1,4,AA,2451,N3HTAA,LGA,MIA,700,656,-4,12,708,197,181,151,1096,939,18,1017,957,-20,0,0,,,,,,
2015,1,1,4,AS,17,N419AS,EWR,SEA,700,701,1,13,714,371,374,356,2402,1010,5,1011,1015,4,0,0,,,,,,
2015,1,1,4,AS,39,N459AS,MSP,SEA,700,655,-5,13,708,225,216,197,1399,825,6,845,831,-14,0,0,,,,,,
2015,1,1,4,AS,112,N527AS,ANC,SEA,700,653,-7,16,709,210,202,179,1448,1108,7,1130,1115,-15,0,0,,,,,,
2015,1,1,4,AS,311,N705AS,PSP,SFO,700,651,-9,10,701,95,85,67,421,808,8,835,816,-19,0,0,,,,,,
2015,1,1,4,AS,313,N703AS,SFO,SEA,700,651,-9,18,709,120,121,97,679,846,6,900,852,-8,0,0,,,,,,
2015,1,1,4,AS,405,N565AS,SJC,PDX,700,655,-5,12,707,105,105,88,569,835,5,845,840,-5,0,0,,,,,,
2015,1,1,4,AS,415,N413AS,PDX,SEA,700,658,-2,22,720,50,61,28,129,748,11,750,759,9,0,0,,,,,,
2015,1,1,4,AS,445,N579AS,LAX,SEA,700,655,-5,15,710,170,160,139,954,929,6,950,935,-15,0,0,,,,,,
2015,1,1,4,AS,466,N309AS,SEA,LAX,700,656,-4,30,726,165,163,124,954,930,9,945,939,-6,0,0,,,,,,
2015,1,1,4,AS,519,N614AS,SNA,SEA,700,645,-15,23,708,180,175,147,978,935,5,1000,940,-20,0,0,,,,,,
2015,1,1,4,AS,531,N529AS,BUR,SEA,700,904,124,10,914,150,146,132,937,1126,4,930,1130,120,0,0,,0,0,0,0,120
2015,1,1,4,AS,615,N320AS,LAS,SEA,700,659,-1,15,714,154,148,126,867,920,7,934,927,-7,0,0,,,,,,
2015,1,1,4,AS,663,N536AS,PHX,PDX,700,653,-7,9,702,168,155,142,1009,824,4,848,828,-20,0,0,,,,,,
2015,1,1,4,AS,722,N403AS,SLC,LAX,700,717,17,24,741,125,113,82,590,803,7,805,810,5,0,0,,,,,,
2015,1,1,4,AS,833,N566AS,PDX,HNL,700,657,-3,15,712,370,356,336,2603,1048,5,1110,1053,-17,0,0,,,,,,
2015,1,1,4,AS,847,N558AS,SAN,OGG,700,656,-4,19,715,357,385,362,2541,1117,4,1057,1121,24,0,0,,24,0,0,0,0
2015,1,1,4,AS,883,N531AS,OAK,LIH,700,649,-11,12,701,344,337,320,2457,1021,5,1044,1026,-18,0,0,,,,,,
2015,1,1,4,B6,288,N806JB,LAX,BOS,700,653,-7,16,709,319,292,272,2611,1441,4,1519,1445,-34,0,0,,,,,,
2015,1,1,4,B6,289,N373JB,BOS,DCA,700,650,-10,13,703,111,84,68,399,811,3,851,814,-37,0,0,,,,,,
2015,1,1,4,B6,619,N638JB,BOS,SAN,700,657,-3,15,712,396,392,373,2588,1025,4,1036,1029,-7,0,0,,,,,,
2015,1,1,4,B6,723,N804JB,DCA,MCO,700,652,-8,13,705,143,130,111,759,856,6,923,902,-21,0,0,,,,,,
2015,1,1,4,B6,1109,N651JB,BOS,JAX,700,913,133,27,940,188,186,156,1010,1216,3,1008,1219,131,0,0,,0,0,131,0,0
2015,1,1,4,B6,1121,N561JB,PDX,LGB,700,649,-11,13,702,136,127,110,846,852,4,916,856,-20,0,0,,,,,,
2015,1,1,4,B6,1031,N339JB,BOS,HOU,700,656,-4,14,710,276,270,255,1609,1025,1,1036,1026,-10,0,0,,,,,,
2015,1,1,4,B6,1039,N296JB,BOS,AUS,700,700,0,16,716,295,289,269,1698,1045,4,1055,1049,-6,0,0,,,,,,
2015,1,1,4,B6,2007,N594JB,PIT,FLL,700,654,-6,15,709,168,151,131,994,920,5,948,925,-23,0,0,,,,,,
2015,1,1,4,DL,364,N547US,SEA,LAX,700,712,12,9,721,153,137,118,954,919,10,933,929,-4,0,0,,,,,,
2015,1,1,4,DL,400,N381DN,PDX,JFK,700,657,-3,13,710,313,288,268,2454,1438,7,1513,1445,-28,0,0,,,,,,
2015,1,1,4,DL,424,N194DN,JFK,LAX,700,702,2,24,726,400,388,356,2475,1022,8,1040,1030,-10,0,0,,,,,,
2015,1,1,4,DL,822,N3743H,SEA,DTW,700,652,-8,21,713,255,240,213,1927,1346,6,1415,1352,-23,0,0,,,,,,
2015,1,1,4,DL,854,N667DN,SFO,DTW,700,701,1,14,715,273,267,247,2079,1422,6,1433,1428,-5,0,0,,,,,,
2015,1,1,4,DL,872,N938DN,DCA,ATL,700,703,3,14,717,126,102,83,547,840,5,906,845,-21,0,0,,,,,,
2015,1,1,4,DL,1183,N987DL,ORF,ATL,700,701,1,30,731,120,123,88,516,859,5,900,904,4,0,0,,,,,,
2015,1,1,4,DL,1280,N906DE,DAB,ATL,700,658,-2,11,709,88,76,61,366,810,4,828,814,-14,0,0,,,,,,
2015,1,1,4,DL,1305,N357NW,PBI,ATL,700,659,-1,21,720,109,107,77,545,837,9,849,846,-3,0,0,,,,,,
2015,1,1,4,DL,1440,N3766,SLC,MSP,700,657,-3,20,717,163,160,134,991,1031,6,1043,1037,-6,0,0,,,,,,
2015,1,1,4,DL,1453,N589NW,SEA,MSP,700,656,-4,13,709,196,183,162,1399,1151,8,1216,1159,-17,0,0,,,,,,
2015,1,1,4,AA,1461,N4YRAA,DAY,DFW,700,700,0,13,713,175,155,135,861,828,7,855,835,-20,0,0,,,,,,
2015,1,1,4,DL,1971,N934DN,MSP,PHX,700,659,-1,13,712,214,197,180,1276,912,4,934,916,-18,0,0,,,,,,
2015,1,1,4,DL,2017,N326US,LGA,PBI,700,657,-3,12,709,189,161,147,1035,936,2,1009,938,-31,0,0,,,,,,
2015,1,1,4,DL,2123,N913DE,RSW,LGA,700,657,-3,12,709,169,155,138,1080,927,5,949,932,-17,0,0,,,,,,
2015,1,1,4,DL,2151,N329NW,MIA,LGA,700,657,-3,18,715,179,180,145,1096,940,17,959,957,-2,0,0,,,,,,
2015,1,1,4,DL,2180,N938DL,CLE,ATL,700,659,-1,9,708,125,93,80,554,828,4,905,832,-33,0,0,,,,,,
2015,1,1,4,DL,2351,N911DE,PBI,LGA,700,656,-4,15,711,168,185,143,1035,934,27,948,1001,13,0,0,,,,,,
2015,1,1,4,DL,2365,N399DA,JFK,SJU,700,659,-1,33,732,230,220,180,1598,1132,7,1150,1139,-11,0,0,,,,,,
2015,1,1,4,DL,2539,N353NW,MKE,ATL,700,707,7,12,719,128,113,87,669,946,14,1008,1000,-8,0,0,,,,,,
2015,1,1,4,B6,2784,N283JB,RDU,BOS,700,647,-13,45,732,109,143,93,612,905,5,849,910,21,0,0,,21,0,0,0,0
2015,1,1,4,DL,46,N704X,JFK,SFO,700,700,0,33,733,403,386,343,2586,1016,10,1043,1026,-17,0,0,,,,,,
2015,1,1,4,DL,1498,N958AT,FLL,LGA,700,700,0,14,714,174,163,143,1076,937,6,954,943,-11,0,0,,,,,,
2015,1,1,4,DL,1506,N812DN,LAX,DTW,700,653,-7,15,708,267,252,232,1979,1400,5,1427,1405,-22,0,0,,,,,,
2015,1,1,4,DL,1795,N3757D,LAS,JFK,700,654,-6,11,705,285,256,237,2248,1402,8,1445,1410,-35,0,0,,,,,,
2015,1,1,4,DL,1894,N6704Z,MSP,MIA,700,704,4,17,721,226,196,175,1501,1116,4,1146,1120,-26,0,0,,,,,,
2015,1,1,4,DL,1925,N534US,MSP,RSW,700,659,-1,16,715,210,191,169,1416,1104,6,1130,1110,-20,0,0,,,,,,
2015,1,1,4,AA,2393,N3APAA,JFK,MCO,700,857,117,39,936,185,185,141,944,1157,5,1005,1202,117,0,0,,0,0,117,0,0
2015,1,1,4,EV,4513,N14950,CLE,ORD,700,657,-3,17,714,93,85,62,315,716,6,733,722,-11,0,0,,,,,,
2015,1,1,4,EV,4524,N14974,LFT,IAH,700,707,7,10,717,65,70,52,201,809,8,805,817,12,0,0,,,,,,
2015,1,1,4,EV,4871,N878AS,SHV,ATL,700,704,4,13,717,99,101,83,551,940,5,939,945,6,0,0,,,,,,
2015,1,1,4,EV,4987,N710EV,ROC,LGA,700,652,-8,23,715,87,69,40,254,755,6,827,801,-26,0,0,,,,,,
2015,1,1,4,EV,5423,N724EV,CID,MSP,700,654,-6,29,723,79,76,42,220,805,5,819,810,-9,0,0,,,,,,
2015,1,1,4,EV,5755,N834AS,PVD,ORD,700,658,-2,10,708,176,181,157,849,845,14,856,859,3,0,0,,,,,,
2015,1,1,4,F9,1061,N201FR,ORD,PHX,700,649,-11,13,702,230,251,232,1440,954,6,950,1000,10,0,0,,,,,,
2015,1,1,4,F9,1120,N208FR,CLE,RSW,700,701,1,9,710,170,152,136,1025,926,7,950,933,-17,0,0,,,,,,
2015,1,1,4,F9,676,N908FR,DEN,MCO,700,802,62,12,814,205,201,180,1546,1314,9,1225,1323,58,0,0,,0,0,58,0,0
2015,1,1,4,F9,681,N928FR,MCO,DEN,700,658,-2,17,715,253,254,227,1546,902,10,913,912,-1,0,0,,,,,,
2015,1,1,4,MQ,2841,N667MQ,DFW,DSM,700,704,4,29,733,108,114,80,624,853,5,848,858,10,0,0,,,,,,
2015,1,1,4,MQ,2852,N625MQ,GRK,DFW,700,,,,,55,,,134,,,755,,,0,1,B,,,,,
2015,1,1,4,MQ,2871,N645MQ,PNS,DFW,700,,,,,130,,,604,,,910,,,0,1,B,,,,,
2015,1,1,4,MQ,3024,N611MQ,GJT,DFW,700,,,,,145,,,773,,,1025,,,0,1,B,,,,,
2015,1,1,4,MQ,3051,N802MQ,HPN,ORD,700,655,-5,11,706,175,158,135,738,821,12,855,833,-22,0,0,,,,,,
2015,1,1,4,MQ,2991,N686MQ,BMI,DFW,700,,,,,145,,,690,,,925,,,0,1,B,,,,,
2015,1,1,4,MQ,3362,N507MQ,DFW,MAF,700,,,,,68,,,309,,,808,,,0,1,B,,,,,
2015,1,1,4,NK,231,N620NK,ATL,FLL,700,725,25,10,735,108,100,80,581,855,10,848,905,17,0,0,,17,0,0,0,0
2015,1,1,4,NK,259,N532NK,ACY,FLL,700,655,-5,22,717,168,161,132,977,929,7,948,936,-12,0,0,,,,,,
2015,1,1,4,NK,183,N521NK,LBE,RSW,700,655,-5,11,706,150,153,135,956,921,7,930,928,-2,0,0,,,,,,
2015,1,1,4,NK,193,N502NK,IAH,LAS,700,743,43,14,757,200,186,167,1222,844,5,820,849,29,0,0,,29,0,0,0,0
2015,1,1,4,NK,198,N621NK,FLL,MCO,700,712,12,19,731,57,61,32,177,803,10,757,813,16,0,0,,16,0,0,0,0
2015,1,1,4,NK,610,N608NK,FLL,BOS,700,704,4,15,719,184,190,169,1237,1008,6,1004,1014,10,0,0,,,,,,
2015,1,1,4,OO,6194,N758SK,ASE,DEN,700,704,4,20,724,59,54,27,125,751,7,759,758,-1,0,0,,,,,,
2015,1,1,4,OO,6272,N915SW,BUR,SFO,700,650,-10,28,718,86,95,61,326,819,6,826,825,-1,0,0,,,,,,
2015,1,1,4,OO,3479,N218AG,SAN,SLC,700,721,21,17,738,110,119,93,626,1011,9,950,1020,30,0,0,,9,0,21,0,0
2015,1,1,4,HA,217,N485HA,KOA,HNL,700,656,-4,7,703,42,45,31,163,734,7,742,741,-1,0,0,,,,,,
2015,1,1,4,OO,4623,N812SK,SEA,PDX,700,647,-13,46,733,60,80,29,129,802,5,800,807,7,0,0,,,,,,
2015,1,1,4,OO,5471,N576SW,RKS,DEN,700,,,,,87,,,260,,,827,,,0,1,C,,,,,
2015,1,1,4,OO,5632,N566SW,SBA,SFO,700,656,-4,20,716,98,103,74,262,830,9,838,839,1,0,0,,,,,,
2015,1,1,4,OO,6225,N124SY,BOI,ORD,700,710,10,22,732,209,207,182,1437,1134,3,1129,1137,8,0,0,,,,,,
2015,1,1,4,OO,7382,N659BR,CPR,SLC,700,656,-4,24,720,114,77,48,320,808,5,854,813,-41,0,0,,,,,,
2015,1,1,4,OO,5633,N479CA,COS,DEN,701,656,-5,19,715,52,49,20,73,735,10,753,745,-8,0,0,,,,,,
2015,1,1,4,UA,296,N470UA,ORD,DEN,702,706,4,23,729,165,159,131,888,840,5,847,845,-2,0,0,,,,,,
2015,1,1,4,UA,656,N402UA,PHX,ORD,702,726,24,62,828,199,233,154,1440,1202,17,1121,1219,58,0,0,,34,0,0,0,24
2015,1,1,4,UA,1441,N38417,MSY,IAH,702,706,4,9,715,78,73,59,305,814,5,820,819,-1,0,0,,,,,,
2015,1,1,4,UA,1764,N14228,CLE,RSW,702,701,-1,12,713,178,151,136,1025,929,3,1000,932,-28,0,0,,,,,,
2015,1,1,4,AA,130,N012AA,MIA,TPA,702,,,,,64,,,204,,,806,,,0,1,A,,,,,
2015,1,1,4,EV,4221,N14570,BTR,IAH,702,653,-9,10,703,73,83,63,253,806,10,815,816,1,0,0,,,,,,
2015,1,1,4,EV,6159,N48901,BTV,ORD,704,703,-1,12,715,156,159,138,763,833,9,840,842,2,0,0,,,,,,
2015,1,1,4,NK,410,N630NK,FLL,BWI,704,705,1,13,718,145,152,130,925,928,9,929,937,8,0,0,,,,,,
2015,1,1,4,OO,6382,N824AS,SFO,BOI,704,733,29,12,745,102,100,84,522,1009,4,946,1013,27,0,0,,0,0,24,3,0
2015,1,1,4,UA,761,N549UA,ORD,SFO,705,713,8,14,727,280,260,238,1846,925,8,945,933,-12,0,0,,,,,,
2015,1,1,4,VX,12,N842VA,SFO,JFK,705,702,-3,10,712,329,320,299,2586,1511,11,1534,1522,-12,0,0,,,,,,
2015,1,1,4,WN,2851,N217JC,BDL,FLL,705,703,-2,7,710,195,183,164,1173,954,12,1020,1006,-14,0,0,,,,,,
2015,1,1,4,WN,1108,N625SW,BWI,FLL,705,700,-5,10,710,155,148,132,925,922,6,940,928,-12,0,0,,,,,,
2015,1,1,4,WN,1432,N346SW,CMH,TPA,705,705,0,16,721,145,135,114,829,915,5,930,920,-10,0,0,,,,,,
2015,1,1,4,WN,1863,N253WN,DAL,BWI,705,703,-2,9,712,170,142,131,1209,1023,2,1055,1025,-30,0,0,,,,,,
2015,1,1,4,WN,665,N684WN,DAL,STL,705,,,,,95,,,546,,,840,,,0,1,A,,,,,
2015,1,1,4,WN,323,N340LV,FLL,BWI,705,659,-6,17,716,155,152,129,925,925,6,940,931,-9,0,0,,,,,,
2015,1,1,4,WN,2041,N8317M,MCO,LAS,705,659,-6,12,711,315,324,285,2039,856,27,920,923,3,0,0,,,,,,
2015,1,1,4,WN,4649,N8302F,MDW,MCO,705,705,0,9,714,165,139,123,990,1017,7,1050,1024,-26,0,0,,,,,,
2015,1,1,4,WN,893,N737JW,OAK,HOU,705,709,4,8,717,220,224,212,1642,1249,4,1245,1253,8,0,0,,,,,,
2015,1,1,4,WN,552,N291WN,SAT,ELP,705,734,29,11,745,95,96,81,496,806,4,740,810,30,0,0,,1,0,29,0,0
2015,1,1,4,WN,3239,N905WN,TPA,BWI,705,703,-2,9,712,140,124,111,842,903,4,925,907,-18,0,0,,,,,,
2015,1,1,4,WN,1912,N554WN,TUS,DEN,705,658,-7,18,716,110,108,83,639,839,7,855,846,-9,0,0,,,,,,
2015,1,1,4,UA,1660,N17730,SNA,EWR,705,658,-7,13,711,319,275,256,2434,1427,6,1524,1433,-51,0,0,,,,,,
2015,1,1,4,US,445,N187US,RDU,CLT,705,657,-8,56,753,65,96,35,130,828,5,810,833,23,0,0,,23,0,0,0,0
